dimension,task_id,principle_match,rich_sut,lean_sut,answer,rich_cost,lean_cost,cost_gap,cost_ratio,rich_steps,lean_steps,rich_input_tokens,lean_input_tokens,input_gap,rich_total_tokens,lean_total_tokens,same_code,code_similarity,wf_ops,wf_links
info,archeology-easy-3,False,DataflowSystemGPT52LatestStats3kD2,DataflowSystemGPT52Latest3kSchemaOnly,3.1333,0.013841,0.012151,0.0016899999999999988,0.13908320302855723,4,4,24154,23041,1113,24557,23448,False,0.37907505686125853,2,1
info,archeology-easy-6,False,DataflowSystemGPT52LatestStats3kD2,DataflowSystemGPT52Latest3kSchemaOnly,São Paulo,0.011318,0.009605,0.0017129999999999992,0.17834461218115555,4,4,24322,23018,1304,24567,23246,False,0.6698717948717948,2,1
info,astronomy-easy-2,False,DataflowSystemGPT52LatestStats3kD2,DataflowSystemGPT52Latest3kSchemaOnly,7.52,0.020326,0.019998,0.0003280000000000019,0.016401640164016497,3,3,20306,19632,674,20890,20248,False,0.2613168724279835,3,2
info,biomedical-easy-2,True,DataflowSystemGPT52LatestStats3kD2,DataflowSystemGPT52Latest3kSchemaOnly,68.5,0.031928,0.01883,0.013097999999999999,0.6955921402018056,6,6,42430,35805,6625,43050,36332,False,0.705511811023622,3,1
info,biomedical-easy-6,True,DataflowSystemGPT52LatestStats3kD2,DataflowSystemGPT52Latest3kSchemaOnly,IA,0.026016,0.015506,0.01051,0.6778021411066684,6,5,42532,30344,12188,43077,30769,False,0.7562097516099356,3,1
info,biomedical-hard-3,True,DataflowSystemGPT52LatestStats3kD2,DataflowSystemGPT52Latest3kSchemaOnly,60,0.039198,0.03084,0.008357999999999997,0.2710116731517509,7,7,62693,48263,14430,63733,49257,False,0.4789053591790194,6,3
info,environment-easy-1,False,DataflowSystemGPT52LatestStats3kD2,DataflowSystemGPT52Latest3kSchemaOnly,4.796,0.011404,0.010454,0.0009499999999999995,0.09087430648555572,4,4,23731,22590,1141,23984,22889,False,0.6013245033112583,2,1
info,environment-easy-4,False,DataflowSystemGPT52LatestStats3kD2,DataflowSystemGPT52Latest3kSchemaOnly,86,0.036252,0.03693,-0.000677999999999998,-0.01835905767668557,6,7,61560,58871,2689,62488,60126,False,0.5871335504885994,8,7
info,environment-easy-5,False,DataflowSystemGPT52LatestStats3kD2,DataflowSystemGPT52Latest3kSchemaOnly,Ashburnham,0.025868,0.022398,0.0034699999999999974,0.15492454683453868,4,4,36244,32826,3418,36902,33433,False,0.5142296368989205,5,4
info,environment-easy-6,False,DataflowSystemGPT52LatestStats3kD2,DataflowSystemGPT52Latest3kSchemaOnly,5.14,0.014781,0.013797,0.0009840000000000005,0.07131985214176999,4,4,25171,24025,1146,25658,24441,False,0.44786564030790765,2,1
info,environment-hard-20,False,DataflowSystemGPT52LatestStats3kD2,DataflowSystemGPT52Latest3kSchemaOnly,"['Bucks Creek', 'Pleasant Street', 'Forest Street']",0.038474,0.04282,-0.004345999999999996,-0.10149462867818768,6,6,62627,54696,7931,63710,55828,False,0.09645727895206907,8,7
info,legal-easy-10,False,DataflowSystemGPT52LatestStats3kD2,DataflowSystemGPT52Latest3kSchemaOnly,"[2010, 2011, 2012, 2013, 2014, 2019]",0.017023,0.018797,-0.0017740000000000013,-0.09437676224929516,5,5,31129,29983,1146,31665,30717,False,0.4439252336448598,3,2
info,legal-easy-11,False,DataflowSystemGPT52LatestStats3kD2,DataflowSystemGPT52Latest3kSchemaOnly,No,0.018517,0.016242,0.0022749999999999992,0.1400689570249969,5,5,32087,30051,2036,32610,30594,False,0.3878370625358577,3,2
info,legal-easy-13,False,DataflowSystemGPT52LatestStats3kD2,DataflowSystemGPT52Latest3kSchemaOnly,1097.47,0.017645,0.017606,3.900000000000084e-05,0.002215153924798412,6,6,35947,35283,664,36458,35831,False,0.7805878332194122,3,2
info,legal-easy-25,False,DataflowSystemGPT52LatestStats3kD2,DataflowSystemGPT52Latest3kSchemaOnly,U.S. Space Force,0.01925,0.027489,-0.008239,-0.29971988795518206,5,6,31496,36071,-4575,32174,37284,False,0.15280739161336176,3,2
info,legal-easy-26,False,DataflowSystemGPT52LatestStats3kD2,DataflowSystemGPT52Latest3kSchemaOnly,"['Arizona', 'California', 'Massachusetts', 'Ohio', 'Oklahoma', 'Rhode Island']",0.017721,0.017139,0.0005819999999999992,0.0339576404691055,5,5,30840,29816,1024,31462,30438,False,0.2734411085450346,3,2
info,legal-easy-5,True,DataflowSystemGPT52LatestStats3kD2,DataflowSystemGPT52Latest3kSchemaOnly,5435,0.016655,0.011462,0.005193,0.45306229279357874,5,4,28562,22124,6438,29191,22510,False,0.18,2,1
info,legal-easy-9,False,DataflowSystemGPT52LatestStats3kD2,DataflowSystemGPT52Latest3kSchemaOnly,2002,0.01873,0.017785,0.0009450000000000014,0.053134664042732725,5,5,30890,29945,945,31477,30453,False,0.07945635128071092,3,2
info,legal-hard-14,False,DataflowSystemGPT52LatestStats3kD2,DataflowSystemGPT52Latest3kSchemaOnly,"['Boston-Cambridge-Newton, MA-NH Metropolitan Statistical Area', 'Providence-Warwick, RI-MA Metropolitan Statistical Area', 'Hartford-West Hartford-East Hartford, CT Metropolitan Statistical Area', 'Bridgeport-Stamford-Danbury, CT Metropolitan Statistical Area', 'Worcester, MA Metropolitan Statistical Area']",0.034752,0.032062,0.002689999999999998,0.08389994385877356,7,6,45076,36921,8155,46575,38340,False,0.40162546562817475,4,3
info,legal-hard-17,False,DataflowSystemGPT52LatestStats3kD2,DataflowSystemGPT52Latest3kSchemaOnly,32542,0.025769,0.030403,-0.004633999999999999,-0.15241916916093803,7,7,44821,45813,-992,45739,46794,False,0.15267175572519084,5,4
info,legal-hard-30,False,DataflowSystemGPT52LatestStats3kD2,DataflowSystemGPT52Latest3kSchemaOnly,No,0.032756,0.028443,0.004313000000000001,0.15163660654642622,7,6,50100,40306,9794,51246,41461,False,0.2549851506151888,5,4
info,legal-hard-6,False,DataflowSystemGPT52LatestStats3kD2,DataflowSystemGPT52Latest3kSchemaOnly,1.1413,0.016667,0.017311,-0.0006439999999999987,-0.03720177921552763,5,5,30145,28929,1216,30721,29631,False,0.3155056179775281,3,2
info,legal-hard-7,False,DataflowSystemGPT52LatestStats3kD2,DataflowSystemGPT52Latest3kSchemaOnly,Bank Account,0.01902,0.019318,-0.00029799999999999965,-0.015426027539082704,5,5,30334,28914,1420,31040,29718,False,0.3522935779816514,3,2
info,legal-hard-8,False,DataflowSystemGPT52LatestStats3kD2,DataflowSystemGPT52Latest3kSchemaOnly,True,0.023526,0.022388,0.0011379999999999967,0.05083080221547242,5,5,31186,29958,1228,32093,30822,False,0.1533844614871624,3,2
info,wildfire-easy-13,False,DataflowSystemGPT52LatestStats3kD2,DataflowSystemGPT52Latest3kSchemaOnly,Great Basin Area,0.009874,0.009531,0.0003430000000000013,0.03598782918896247,4,4,21762,21734,28,22051,22002,False,0.8266666666666667,2,1
info,wildfire-easy-8,False,DataflowSystemGPT52LatestStats3kD2,DataflowSystemGPT52Latest3kSchemaOnly,Lightning,0.013192,0.010229,0.0029630000000000004,0.2896666340795777,4,4,27148,23247,3901,27404,23491,False,0.5034965034965035,2,1
info,wildfire-hard-10,False,DataflowSystemGPT52LatestStats3kD2,DataflowSystemGPT52Latest3kSchemaOnly,Republican,0.016396,0.020121,-0.003724999999999999,-0.185129963719497,4,4,27262,26176,1086,27747,26602,False,0.304383788254756,4,2
info,wildfire-hard-11,False,DataflowSystemGPT52LatestStats3kD2,DataflowSystemGPT52Latest3kSchemaOnly,Wyoming,0.012075,0.010759,0.0013160000000000012,0.12231620039037097,4,4,23839,22889,950,24112,23158,False,0.8929889298892989,2,1
info,wildfire-hard-16,False,DataflowSystemGPT52LatestStats3kD2,DataflowSystemGPT52Latest3kSchemaOnly,"[6.326, 0.787]",0.028265,0.024053,0.004211999999999997,0.17511329148131197,4,6,29500,39002,-9502,30121,39632,False,0.3318903318903319,4,2
info,wildfire-hard-7,False,DataflowSystemGPT52LatestStats3kD2,DataflowSystemGPT52Latest3kSchemaOnly,"Northwest, 2020",0.052192,0.064184,-0.011992000000000003,-0.18683784120653124,9,10,77125,79632,-2507,78830,82269,False,0.023521830191719027,8,5
sample,archeology-easy-3,False,DataflowSystemGPT52LatestStats5kD2,DataflowSystemGPT52LatestStats3kD2,3.1333,0.013718,0.013841,-0.00012299999999999985,-0.008886641138646042,4,4,25175,24154,1021,25528,24557,False,0.6780449961210241,2,1
sample,archeology-easy-4,False,DataflowSystemGPT52LatestStats5kD2,DataflowSystemGPT52LatestStats3kD2,207878.8774,0.032224,0.030968,0.0012560000000000036,0.040557995350038865,6,6,57580,52677,4903,58257,53258,False,0.196476241324079,4,2
sample,archeology-easy-6,False,DataflowSystemGPT52LatestStats5kD2,DataflowSystemGPT52LatestStats3kD2,São Paulo,0.013093,0.011318,0.0017750000000000005,0.156829828591624,4,4,25706,24322,1384,25948,24567,False,0.721875,2,1
sample,astronomy-easy-2,False,DataflowSystemGPT52LatestStats5kD2,DataflowSystemGPT52LatestStats3kD2,7.52,0.018574,0.020326,-0.001752,-0.08619502115517072,4,3,30268,20306,9962,30720,20890,False,0.3531073446327684,3,2
sample,astronomy-easy-5,False,DataflowSystemGPT52LatestStats5kD2,DataflowSystemGPT52LatestStats3kD2,2,0.053039,0.051494,0.0015450000000000047,0.03000349555288004,8,8,86985,77233,9752,88454,78745,False,0.20577281191806332,5,4
sample,biomedical-easy-2,False,DataflowSystemGPT52LatestStats5kD2,DataflowSystemGPT52LatestStats3kD2,68.5,0.023985,0.031928,-0.007942999999999999,-0.24877850162866447,6,6,42325,42430,-105,42866,43050,False,0.9207419898819561,3,1
sample,biomedical-easy-6,False,DataflowSystemGPT52LatestStats5kD2,DataflowSystemGPT52LatestStats3kD2,IA,0.022923,0.026016,-0.003093000000000002,-0.11888837638376391,6,6,42545,42532,13,43069,43077,False,0.7455516014234875,3,1
sample,biomedical-hard-3,False,DataflowSystemGPT52LatestStats5kD2,DataflowSystemGPT52LatestStats3kD2,60,0.037486,0.039198,-0.0017119999999999982,-0.04367569773968055,7,7,62600,62693,-93,63515,63733,False,0.21736562315416422,6,3
sample,biomedical-hard-4,False,DataflowSystemGPT52LatestStats5kD2,DataflowSystemGPT52LatestStats3kD2,['FIGO grade 2'],0.03969,0.038838,0.0008520000000000055,0.021937277923683135,7,7,67416,62894,4522,68448,64056,False,0.12775842044134728,5,4
sample,environment-easy-1,False,DataflowSystemGPT52LatestStats5kD2,DataflowSystemGPT52LatestStats3kD2,4.796,0.012121,0.011404,0.0007170000000000006,0.06287267625394605,4,4,24800,23731,1069,25057,23984,False,0.7671691792294807,2,1
sample,environment-easy-5,False,DataflowSystemGPT52LatestStats5kD2,DataflowSystemGPT52LatestStats3kD2,Ashburnham,0.029416,0.025868,0.0035480000000000025,0.13715787845987332,4,4,43131,36244,6887,43700,36902,False,0.5919098822324629,5,4
sample,environment-easy-6,False,DataflowSystemGPT52LatestStats5kD2,DataflowSystemGPT52LatestStats3kD2,5.14,0.014407,0.014781,-0.00037400000000000107,-0.02530275353494358,4,4,26234,25171,1063,26619,25658,False,0.850936329588015,2,1
sample,environment-hard-13,False,DataflowSystemGPT52LatestStats5kD2,DataflowSystemGPT52LatestStats3kD2,11,0.022112,0.019127,0.002984999999999998,0.15606211115177487,5,5,34797,32546,2251,35526,33156,False,0.07195421095666395,3,2
sample,legal-easy-10,False,DataflowSystemGPT52LatestStats5kD2,DataflowSystemGPT52LatestStats3kD2,"[2010, 2011, 2012, 2013, 2014, 2019]",0.017326,0.017023,0.0003030000000000012,0.01779944780590972,5,5,31656,31129,527,32191,31665,False,0.6729745712596097,3,2
sample,legal-easy-11,False,DataflowSystemGPT52LatestStats5kD2,DataflowSystemGPT52LatestStats3kD2,No,0.016549,0.018517,-0.0019679999999999975,-0.1062807150186314,5,5,31620,32087,-467,32104,32610,False,0.10833840535605599,3,2
sample,legal-easy-12,False,DataflowSystemGPT52LatestStats5kD2,DataflowSystemGPT52LatestStats3kD2,3,0.020571,0.026259,-0.005688000000000002,-0.21661144750371308,6,6,37867,36762,1105,38491,37412,False,0.6135321100917431,3,2
sample,legal-easy-19,False,DataflowSystemGPT52LatestStats5kD2,DataflowSystemGPT52LatestStats3kD2,0.523,0.014041,0.013791,0.0002500000000000002,0.01812776448408384,4,4,23961,23410,551,24388,23888,False,0.1953551912568306,2,1
sample,legal-easy-20,False,DataflowSystemGPT52LatestStats5kD2,DataflowSystemGPT52LatestStats3kD2,40,0.017088,0.017483,-0.0003949999999999995,-0.022593376422810705,5,5,31600,31104,496,32125,31676,False,0.8193688792165397,3,2
sample,legal-easy-26,False,DataflowSystemGPT52LatestStats5kD2,DataflowSystemGPT52LatestStats3kD2,"['Arizona', 'California', 'Massachusetts', 'Ohio', 'Oklahoma', 'Rhode Island']",0.017755,0.017721,3.399999999999931e-05,0.0019186276169516003,5,5,32624,30840,1784,33155,31462,False,0.25848303393213573,3,2
sample,legal-easy-27,False,DataflowSystemGPT52LatestStats5kD2,DataflowSystemGPT52LatestStats3kD2,27,0.01591,0.015951,-4.099999999999937e-05,-0.0025703717635257584,5,5,32522,30745,1777,32934,31238,False,0.14898102600140548,3,2
sample,legal-easy-3,False,DataflowSystemGPT52LatestStats5kD2,DataflowSystemGPT52LatestStats3kD2,13.1628,0.013369,0.013874,-0.0005049999999999985,-0.03639901974917101,4,4,23638,23336,302,24043,23786,False,0.5629228687415426,2,1
sample,legal-easy-4,False,DataflowSystemGPT52LatestStats5kD2,DataflowSystemGPT52LatestStats3kD2,2111635,0.013754,0.013995,-0.0002409999999999999,-0.017220435869953546,4,4,24344,23383,961,24789,23879,False,0.09615384615384616,2,1
sample,legal-easy-5,False,DataflowSystemGPT52LatestStats5kD2,DataflowSystemGPT52LatestStats3kD2,5435,0.011986,0.016655,-0.0046689999999999995,-0.2803362353647553,4,5,22582,28562,-5980,22977,29191,False,0.31264023934181,2,1
sample,legal-easy-9,False,DataflowSystemGPT52LatestStats5kD2,DataflowSystemGPT52LatestStats3kD2,2002,0.016471,0.01873,-0.0022590000000000006,-0.12060864922584093,5,5,29831,30890,-1059,30389,31477,False,0.6238716148445336,3,2
sample,legal-hard-14,False,DataflowSystemGPT52LatestStats5kD2,DataflowSystemGPT52LatestStats3kD2,"['Boston-Cambridge-Newton, MA-NH Metropolitan Statistical Area', 'Providence-Warwick, RI-MA Metropolitan Statistical Area', 'Hartford-West Hartford-East Hartford, CT Metropolitan Statistical Area', 'Bridgeport-Stamford-Danbury, CT Metropolitan Statistical Area', 'Worcester, MA Metropolitan Statistical Area']",0.034236,0.034752,-0.0005159999999999956,-0.014848066298342417,6,7,40733,45076,-4343,42234,46575,False,0.16297786720321933,4,3
sample,legal-hard-17,False,DataflowSystemGPT52LatestStats5kD2,DataflowSystemGPT52LatestStats3kD2,32542,0.025919,0.025769,0.00015000000000000083,0.005820947650277498,7,7,46601,44821,1780,47480,45739,False,0.49835104433858557,5,4
sample,legal-hard-22,False,DataflowSystemGPT52LatestStats5kD2,DataflowSystemGPT52LatestStats3kD2,0.0555,0.028039,0.035857,-0.007817999999999999,-0.21803274116629942,5,5,33958,32696,1262,34524,34151,False,0.11004784688995216,3,2
sample,legal-hard-23,False,DataflowSystemGPT52LatestStats5kD2,DataflowSystemGPT52LatestStats3kD2,District of Columbia,0.036767,0.034046,0.002721000000000001,0.07992128297009932,7,7,51552,48754,2798,52875,50002,False,0.2893178893178893,5,4
sample,legal-hard-28,False,DataflowSystemGPT52LatestStats5kD2,DataflowSystemGPT52LatestStats3kD2,Yes,0.02443,0.022444,0.0019860000000000017,0.08848690073070761,6,6,41901,38867,3034,42642,39615,False,0.22953388170779476,4,2
sample,legal-hard-30,False,DataflowSystemGPT52LatestStats5kD2,DataflowSystemGPT52LatestStats3kD2,No,0.036066,0.032756,0.0033100000000000004,0.10105018927830017,6,7,50798,50100,698,52050,51246,False,0.257746200907835,5,4
sample,legal-hard-7,False,DataflowSystemGPT52LatestStats5kD2,DataflowSystemGPT52LatestStats3kD2,Bank Account,0.01728,0.01902,-0.0017399999999999985,-0.09148264984227122,5,5,30260,30334,-74,30851,31040,False,0.346218487394958,3,2
sample,legal-hard-8,False,DataflowSystemGPT52LatestStats5kD2,DataflowSystemGPT52LatestStats3kD2,True,0.022042,0.023526,-0.0014839999999999992,-0.06307914647623902,5,5,32469,31186,1283,33196,32093,False,0.087527352297593,3,2
sample,wildfire-easy-13,False,DataflowSystemGPT52LatestStats5kD2,DataflowSystemGPT52LatestStats3kD2,Great Basin Area,0.009362,0.009874,-0.0005120000000000003,-0.05185335223820136,4,4,21902,21762,140,22137,22051,False,0.4636363636363636,2,1
sample,wildfire-easy-15,False,DataflowSystemGPT52LatestStats5kD2,DataflowSystemGPT52LatestStats3kD2,No,0.023095,0.022053,0.0010420000000000013,0.04724980728245596,5,5,37973,36312,1661,38404,36761,False,0.5023584905660378,3,1
sample,wildfire-easy-8,False,DataflowSystemGPT52LatestStats5kD2,DataflowSystemGPT52LatestStats3kD2,Lightning,0.013072,0.013192,-0.00012000000000000031,-0.009096422073984256,4,4,27836,27148,688,28055,27404,False,0.5325077399380805,2,1
sample,wildfire-hard-11,False,DataflowSystemGPT52LatestStats5kD2,DataflowSystemGPT52LatestStats3kD2,Wyoming,0.010339,0.012075,-0.0017360000000000014,-0.1437681159420291,4,4,23660,23839,-179,23889,24112,False,0.7883817427385892,2,1
sample,wildfire-hard-16,False,DataflowSystemGPT52LatestStats5kD2,DataflowSystemGPT52LatestStats3kD2,"[6.326, 0.787]",0.029577,0.028265,0.0013120000000000007,0.046417831240049556,6,4,49210,29500,19710,49837,30121,False,0.3782608695652174,4,2
sample,archeology-easy-3,False,DataflowSystemGPT52LatestStats7kD2,DataflowSystemGPT52LatestStats3kD2,3.1333,0.013636,0.013841,-0.00020499999999999859,-0.014811068564409984,4,4,26285,24154,2131,26623,24557,False,0.5896607431340872,2,1
sample,archeology-easy-6,False,DataflowSystemGPT52LatestStats7kD2,DataflowSystemGPT52LatestStats3kD2,São Paulo,0.012856,0.011318,0.0015379999999999994,0.13588973316840428,4,4,26719,24322,2397,26947,24567,False,0.7380191693290735,2,1
sample,astronomy-easy-2,False,DataflowSystemGPT52LatestStats7kD2,DataflowSystemGPT52LatestStats3kD2,7.52,0.019787,0.020326,-0.0005390000000000013,-0.026517760503788314,4,3,33334,20306,13028,33763,20890,False,0.45494186046511625,3,2
sample,biomedical-easy-2,False,DataflowSystemGPT52LatestStats7kD2,DataflowSystemGPT52LatestStats3kD2,68.5,0.023927,0.031928,-0.008000999999999998,-0.25059508895013777,6,6,43356,42430,926,43908,43050,False,0.7689873417721519,3,1
sample,environment-easy-1,False,DataflowSystemGPT52LatestStats7kD2,DataflowSystemGPT52LatestStats3kD2,4.796,0.011702,0.011404,0.0002980000000000014,0.02613118204138911,4,4,25599,23731,1868,25827,23984,False,0.7539267015706806,2,1
sample,environment-easy-2,False,DataflowSystemGPT52LatestStats7kD2,DataflowSystemGPT52LatestStats3kD2,"[2003, 2011, 2015, 2018, 2020, 2021, 2022, 2023]",0.023499,0.028143,-0.004644000000000002,-0.16501439078989455,5,5,37327,33904,3423,37954,34585,False,0.2460276781137878,3,2
sample,environment-easy-4,True,DataflowSystemGPT52LatestStats7kD2,DataflowSystemGPT52LatestStats3kD2,86,0.047942,0.036252,0.011689999999999999,0.3224649674500717,6,6,83194,61560,21634,84096,62488,False,0.0827129859387924,8,7
sample,environment-easy-5,True,DataflowSystemGPT52LatestStats7kD2,DataflowSystemGPT52LatestStats3kD2,Ashburnham,0.033751,0.025868,0.007883000000000005,0.30473944642028783,4,4,46952,36244,10708,47641,36902,False,0.7035984848484849,5,4
sample,environment-easy-6,False,DataflowSystemGPT52LatestStats7kD2,DataflowSystemGPT52LatestStats3kD2,5.14,0.015451,0.014781,0.0006699999999999987,0.04532846221500566,4,4,27322,25171,2151,27732,25658,False,0.18686131386861313,2,1
sample,environment-hard-10,True,DataflowSystemGPT52LatestStats7kD2,DataflowSystemGPT52LatestStats3kD2,0.206,0.079915,0.04753,0.032385,0.6813591415947822,9,7,99024,63453,35571,102103,65310,False,0.07318770001391402,7,6
sample,environment-hard-11,False,DataflowSystemGPT52LatestStats7kD2,DataflowSystemGPT52LatestStats3kD2,0.37,0.022231,0.023665,-0.0014339999999999978,-0.06059581660680321,5,5,37340,33425,3915,37990,34350,False,0.1354309165526676,3,2
sample,environment-hard-13,False,DataflowSystemGPT52LatestStats7kD2,DataflowSystemGPT52LatestStats3kD2,11,0.020484,0.019127,0.001356999999999997,0.07094682908976824,5,5,38185,32546,5639,38835,33156,False,0.04191343963553531,3,2
sample,legal-easy-10,False,DataflowSystemGPT52LatestStats7kD2,DataflowSystemGPT52LatestStats3kD2,"[2010, 2011, 2012, 2013, 2014, 2019]",0.019374,0.017023,0.002350999999999999,0.1381072666392527,5,5,31698,31129,569,32374,31665,False,0.6267281105990783,3,2
sample,legal-easy-12,False,DataflowSystemGPT52LatestStats7kD2,DataflowSystemGPT52LatestStats3kD2,3,0.02063,0.026259,-0.005629000000000002,-0.21436459880421957,6,6,37795,36762,1033,38389,37412,False,0.6241286863270777,3,2
sample,legal-easy-13,False,DataflowSystemGPT52LatestStats7kD2,DataflowSystemGPT52LatestStats3kD2,1097.47,0.018921,0.017645,0.0012759999999999994,0.07231510342873332,6,6,37724,35947,1777,38248,36458,False,0.21896792189679218,3,2
sample,legal-easy-19,False,DataflowSystemGPT52LatestStats7kD2,DataflowSystemGPT52LatestStats3kD2,0.523,0.013,0.013791,-0.000791,-0.05735624682764122,4,4,23899,23410,489,24317,23888,False,0.26123013130615064,2,1
sample,legal-easy-20,False,DataflowSystemGPT52LatestStats7kD2,DataflowSystemGPT52LatestStats3kD2,40,0.016651,0.017483,-0.0008319999999999994,-0.04758908654121143,5,5,31574,31104,470,32071,31676,False,0.7977715877437326,3,2
sample,legal-easy-26,False,DataflowSystemGPT52LatestStats7kD2,DataflowSystemGPT52LatestStats3kD2,"['Arizona', 'California', 'Massachusetts', 'Ohio', 'Oklahoma', 'Rhode Island']",0.019218,0.017721,0.0014969999999999983,0.08447604536990003,5,5,34548,30840,3708,35087,31462,False,0.18770226537216828,3,2
sample,legal-easy-27,False,DataflowSystemGPT52LatestStats7kD2,DataflowSystemGPT52LatestStats3kD2,27,0.018205,0.015951,0.002253999999999999,0.14130775499968648,5,5,34433,30745,3688,34914,31238,False,0.08482676224611709,3,2
sample,legal-easy-4,False,DataflowSystemGPT52LatestStats7kD2,DataflowSystemGPT52LatestStats3kD2,2111635,0.014768,0.013995,0.0007729999999999994,0.05523401214719538,4,4,25261,23383,1878,25707,23879,False,0.0946969696969697,2,1
sample,legal-easy-5,False,DataflowSystemGPT52LatestStats7kD2,DataflowSystemGPT52LatestStats3kD2,5435,0.011598,0.016655,-0.005056999999999999,-0.3036325427799459,4,5,22584,28562,-5978,22951,29191,False,0.37025796661608495,2,1
sample,legal-easy-9,False,DataflowSystemGPT52LatestStats7kD2,DataflowSystemGPT52LatestStats3kD2,2002,0.016702,0.01873,-0.0020279999999999986,-0.10827549386011738,5,5,29963,30890,-927,30521,31477,False,0.5341426403641881,3,2
sample,legal-hard-14,False,DataflowSystemGPT52LatestStats7kD2,DataflowSystemGPT52LatestStats3kD2,"['Boston-Cambridge-Newton, MA-NH Metropolitan Statistical Area', 'Providence-Warwick, RI-MA Metropolitan Statistical Area', 'Hartford-West Hartford-East Hartford, CT Metropolitan Statistical Area', 'Bridgeport-Stamford-Danbury, CT Metropolitan Statistical Area', 'Worcester, MA Metropolitan Statistical Area']",0.028032,0.034752,-0.006719999999999997,-0.19337016574585628,5,7,35628,45076,-9448,36748,46575,False,0.3021907216494845,4,3
sample,legal-hard-17,False,DataflowSystemGPT52LatestStats7kD2,DataflowSystemGPT52LatestStats3kD2,32542,0.025798,0.025769,2.9000000000001247e-05,0.001125383212387025,7,7,46548,44821,1727,47425,45739,False,0.35706462212486306,5,4
sample,legal-hard-23,False,DataflowSystemGPT52LatestStats7kD2,DataflowSystemGPT52LatestStats3kD2,District of Columbia,0.038268,0.034046,0.0042220000000000035,0.12400869411972049,7,7,55061,48754,6307,56355,50002,False,0.28004895960832316,5,4
sample,legal-hard-24,False,DataflowSystemGPT52LatestStats7kD2,DataflowSystemGPT52LatestStats3kD2,"Los Angeles-Long Beach-Anaheim, CA Metropolitan Statistical Area",0.051406,0.048127,0.003278999999999997,0.06813223346562214,8,8,71159,60447,10712,72992,62420,False,0.16543909348441926,7,6
sample,legal-hard-30,True,DataflowSystemGPT52LatestStats7kD2,DataflowSystemGPT52LatestStats3kD2,No,0.039274,0.032756,0.006518000000000003,0.19898644523140807,7,7,60079,50100,9979,61192,51246,False,0.24791265253692998,5,4
sample,legal-hard-6,False,DataflowSystemGPT52LatestStats7kD2,DataflowSystemGPT52LatestStats3kD2,1.1413,0.018079,0.016667,0.001412,0.08471830563388733,5,5,30091,30145,-54,30717,30721,False,0.26647286821705424,3,2
sample,legal-hard-7,False,DataflowSystemGPT52LatestStats7kD2,DataflowSystemGPT52LatestStats3kD2,Bank Account,0.017782,0.01902,-0.0012379999999999995,-0.06508937960042059,5,5,30211,30334,-123,30844,31040,False,0.4063777596075225,3,2
sample,wildfire-easy-2,False,DataflowSystemGPT52LatestStats7kD2,DataflowSystemGPT52LatestStats3kD2,EACC,0.052463,0.063762,-0.011298999999999997,-0.17720585928923177,8,9,93401,86437,6964,94502,88222,False,0.12415856394913986,5,4
sample,wildfire-easy-8,False,DataflowSystemGPT52LatestStats7kD2,DataflowSystemGPT52LatestStats3kD2,Lightning,0.013908,0.013192,0.0007159999999999996,0.054275318374772556,4,4,29077,27148,1929,29287,27404,False,0.533751962323391,2,1
sample,wildfire-hard-10,False,DataflowSystemGPT52LatestStats7kD2,DataflowSystemGPT52LatestStats3kD2,Republican,0.018299,0.016396,0.0019029999999999984,0.11606489387655515,4,4,30114,27262,2852,30580,27747,False,0.7306155075939249,4,2
sample,wildfire-hard-11,False,DataflowSystemGPT52LatestStats7kD2,DataflowSystemGPT52LatestStats3kD2,Wyoming,0.010999,0.012075,-0.0010760000000000006,-0.08910973084886133,4,4,23869,23839,30,24119,24112,False,0.7850707850707851,2,1
sample,wildfire-hard-16,False,DataflowSystemGPT52LatestStats7kD2,DataflowSystemGPT52LatestStats3kD2,"[6.326, 0.787]",0.032535,0.028265,0.004270000000000003,0.15107022819741742,6,4,53110,29500,23610,53720,30121,False,0.37091988130563797,4,2
sample,wildfire-hard-7,True,DataflowSystemGPT52LatestStats7kD2,DataflowSystemGPT52LatestStats3kD2,"Northwest, 2020",0.060289,0.052192,0.008097,0.1551387185775598,9,9,92841,77125,15716,94499,78830,False,0.22349570200573066,8,5
mode,archeology-easy-3,False,DataflowSystemGPT52DeltaStats3kD2,DataflowSystemGPT52LatestStats3kD2,3.1333,0.013425,0.013841,-0.0004159999999999997,-0.030055631818510203,4,4,24145,24154,-9,24505,24557,False,0.4855581576893052,2,1
mode,archeology-easy-6,False,DataflowSystemGPT52DeltaStats3kD2,DataflowSystemGPT52LatestStats3kD2,São Paulo,0.011887,0.011318,0.0005690000000000001,0.05027389998232904,4,4,24076,24322,-246,24306,24567,False,0.732484076433121,2,1
mode,astronomy-easy-2,False,DataflowSystemGPT52DeltaStats3kD2,DataflowSystemGPT52LatestStats3kD2,7.52,0.01711,0.020326,-0.003216,-0.15822099773688872,4,3,27513,20306,7207,27960,20890,False,0.34916201117318435,3,2
mode,biomedical-easy-2,False,DataflowSystemGPT52DeltaStats3kD2,DataflowSystemGPT52LatestStats3kD2,68.5,0.026147,0.031928,-0.005780999999999998,-0.18106364319719362,6,6,43754,42430,1324,44386,43050,False,0.5596184419713831,3,1
mode,biomedical-easy-6,False,DataflowSystemGPT52DeltaStats3kD2,DataflowSystemGPT52LatestStats3kD2,IA,0.021771,0.026016,-0.004245000000000002,-0.16316881918819195,5,6,37194,42532,-5338,37671,43077,False,0.46215139442231074,3,1
mode,environment-easy-1,True,DataflowSystemGPT52DeltaStats3kD2,DataflowSystemGPT52LatestStats3kD2,4.796,0.018956,0.011404,0.007552000000000001,0.6622237811294285,4,4,23584,23731,-147,23862,23984,False,0.5519379844961241,2,1
mode,environment-easy-5,False,DataflowSystemGPT52DeltaStats3kD2,DataflowSystemGPT52LatestStats3kD2,Ashburnham,0.027662,0.025868,0.0017940000000000005,0.06935209525282204,4,4,36682,36244,438,37399,36902,False,0.5672348484848485,5,4
mode,environment-hard-19,False,DataflowSystemGPT52DeltaStats3kD2,DataflowSystemGPT52LatestStats3kD2,False,0.053615,0.05122,0.0023950000000000013,0.04675907848496683,4,6,37610,54579,-16969,38884,56628,False,0.07882789929839043,6,5
mode,environment-hard-20,False,DataflowSystemGPT52DeltaStats3kD2,DataflowSystemGPT52LatestStats3kD2,"['Bucks Creek', 'Pleasant Street', 'Forest Street']",0.041027,0.038474,0.0025529999999999997,0.06635650049383998,4,6,41748,62627,-20879,42988,63710,False,0.10585706609349813,8,7
mode,legal-easy-10,False,DataflowSystemGPT52DeltaStats3kD2,DataflowSystemGPT52LatestStats3kD2,"[2010, 2011, 2012, 2013, 2014, 2019]",0.019598,0.017023,0.002575000000000001,0.15126593432414973,5,5,31637,31129,508,32279,31665,False,0.3789359391965255,3,2
mode,legal-easy-11,False,DataflowSystemGPT52DeltaStats3kD2,DataflowSystemGPT52LatestStats3kD2,No,0.017931,0.018517,-0.0005859999999999997,-0.031646595020791694,5,5,31627,32087,-460,32180,32610,False,0.2409502262443439,3,2
mode,legal-easy-12,False,DataflowSystemGPT52DeltaStats3kD2,DataflowSystemGPT52LatestStats3kD2,3,0.022432,0.026259,-0.0038270000000000005,-0.14574050801629918,6,6,37882,36762,1120,38565,37412,False,0.4891476971942827,3,2
mode,legal-easy-13,False,DataflowSystemGPT52DeltaStats3kD2,DataflowSystemGPT52LatestStats3kD2,1097.47,0.020555,0.017645,0.0029099999999999994,0.1649192405780674,6,6,37602,35947,1655,38186,36458,False,0.21964529331514324,3,2
mode,legal-easy-19,True,DataflowSystemGPT52DeltaStats3kD2,DataflowSystemGPT52LatestStats3kD2,0.523,0.021359,0.013791,0.007568,0.5487636864621855,5,4,30735,23410,7325,31414,23888,False,0.1958041958041958,2,1
mode,legal-easy-20,False,DataflowSystemGPT52DeltaStats3kD2,DataflowSystemGPT52LatestStats3kD2,40,0.020187,0.017483,0.0027040000000000015,0.15466453125893737,5,5,31836,31104,732,32524,31676,False,0.8106280193236715,3,2
mode,legal-easy-25,True,DataflowSystemGPT52DeltaStats3kD2,DataflowSystemGPT52LatestStats3kD2,U.S. Space Force,0.026013,0.01925,0.006763000000000002,0.35132467532467543,6,5,39700,31496,8204,40570,32174,False,0.1658119658119658,3,2
mode,legal-easy-26,False,DataflowSystemGPT52DeltaStats3kD2,DataflowSystemGPT52LatestStats3kD2,"['Arizona', 'California', 'Massachusetts', 'Ohio', 'Oklahoma', 'Rhode Island']",0.019974,0.017721,0.002252999999999998,0.12713729473506,5,5,31660,30840,820,32326,31462,False,0.29311141932501156,3,2
mode,legal-easy-27,False,DataflowSystemGPT52DeltaStats3kD2,DataflowSystemGPT52LatestStats3kD2,27,0.015181,0.015951,-0.0007699999999999999,-0.04827283555889912,5,5,30835,30745,90,31233,31238,False,0.08057553956834532,3,2
mode,legal-easy-4,False,DataflowSystemGPT52DeltaStats3kD2,DataflowSystemGPT52LatestStats3kD2,2111635,0.015209,0.013995,0.0012139999999999998,0.08674526616648802,4,4,23521,23383,138,24000,23879,False,0.09293680297397769,2,1
mode,legal-easy-9,False,DataflowSystemGPT52DeltaStats3kD2,DataflowSystemGPT52LatestStats3kD2,2002,0.017593,0.01873,-0.0011369999999999991,-0.06070475173518415,5,5,29975,30890,-915,30552,31477,False,0.2776971456216739,3,2
mode,legal-hard-23,True,DataflowSystemGPT52DeltaStats3kD2,DataflowSystemGPT52LatestStats3kD2,District of Columbia,0.067867,0.034046,0.033821,0.9933912941314691,7,7,53325,48754,4571,54819,50002,False,0.25994092251760964,5,4
mode,legal-hard-6,False,DataflowSystemGPT52DeltaStats3kD2,DataflowSystemGPT52LatestStats3kD2,1.1413,0.019619,0.016667,0.0029519999999999998,0.17711645767084655,5,5,30774,30145,629,31439,30721,False,0.6802325581395349,3,2
mode,legal-hard-7,False,DataflowSystemGPT52DeltaStats3kD2,DataflowSystemGPT52LatestStats3kD2,Bank Account,0.019452,0.01902,0.0004320000000000018,0.022712933753943315,5,5,31026,30334,692,31662,31040,False,0.6160198183319571,3,2
mode,legal-hard-8,False,DataflowSystemGPT52DeltaStats3kD2,DataflowSystemGPT52LatestStats3kD2,True,0.022877,0.023526,-0.0006489999999999968,-0.02758650004250603,5,5,32124,31186,938,32853,32093,False,0.21750090025207058,3,2
mode,wildfire-easy-13,False,DataflowSystemGPT52DeltaStats3kD2,DataflowSystemGPT52LatestStats3kD2,Great Basin Area,0.011393,0.009874,0.0015189999999999995,0.15383836337856993,4,4,21675,21762,-87,21997,22051,False,0.7561196736174071,2,1
mode,wildfire-easy-15,False,DataflowSystemGPT52DeltaStats3kD2,DataflowSystemGPT52LatestStats3kD2,No,0.020967,0.022053,-0.0010860000000000002,-0.049245000680179576,5,5,36855,36312,543,37317,36761,False,0.5328874024526199,3,1
mode,wildfire-easy-8,False,DataflowSystemGPT52DeltaStats3kD2,DataflowSystemGPT52LatestStats3kD2,Lightning,0.014443,0.013192,0.0012509999999999986,0.09483020012128553,4,4,26957,27148,-191,27211,27404,False,0.5941101152368758,2,1
mode,wildfire-hard-11,False,DataflowSystemGPT52DeltaStats3kD2,DataflowSystemGPT52LatestStats3kD2,Wyoming,0.011643,0.012075,-0.0004320000000000001,-0.035776397515527955,4,4,23029,23839,-810,23286,24112,False,0.9043715846994536,2,1
mode,wildfire-hard-4,True,DataflowSystemGPT52DeltaStats3kD2,DataflowSystemGPT52LatestStats3kD2,2065.1,0.056685,0.045664,0.011020999999999996,0.24134985984583032,7,6,60038,46476,13562,62227,48133,False,0.14417435037720033,7,4
sample,archeology-easy-10,False,DataflowSystemGPT52Latest5kSchemaOnly,DataflowSystemGPT52Latest3kSchemaOnly,Singapore,0.012946,0.009367,0.003578999999999999,0.38208604675990165,4,4,24126,22922,1204,24339,23145,False,0.76,2,1
sample,archeology-easy-3,False,DataflowSystemGPT52Latest5kSchemaOnly,DataflowSystemGPT52Latest3kSchemaOnly,3.1333,0.01401,0.012151,0.0018589999999999995,0.152991523331413,4,4,22372,23041,-669,22765,23448,False,0.4840764331210191,2,1
sample,archeology-easy-6,False,DataflowSystemGPT52Latest5kSchemaOnly,DataflowSystemGPT52Latest3kSchemaOnly,São Paulo,0.011093,0.009605,0.0014879999999999997,0.1549193128578865,4,4,22494,23018,-524,22721,23246,False,0.8547854785478548,2,1
sample,astronomy-easy-2,False,DataflowSystemGPT52Latest5kSchemaOnly,DataflowSystemGPT52Latest3kSchemaOnly,7.52,0.023819,0.019998,0.0038210000000000015,0.19106910691069115,3,3,20577,19632,945,21175,20248,False,0.2630457933972311,3,2
sample,biomedical-easy-2,False,DataflowSystemGPT52Latest5kSchemaOnly,DataflowSystemGPT52Latest3kSchemaOnly,68.5,0.020582,0.01883,0.001752,0.09304301646309082,6,6,33273,35805,-2532,33896,36332,False,0.44679527069072805,3,1
sample,biomedical-easy-6,True,DataflowSystemGPT52Latest5kSchemaOnly,DataflowSystemGPT52Latest3kSchemaOnly,IA,0.030385,0.015506,0.014878999999999998,0.9595640397265573,6,5,33363,30344,3019,33883,30769,False,0.6352530541012217,3,1
sample,environment-easy-1,False,DataflowSystemGPT52Latest5kSchemaOnly,DataflowSystemGPT52Latest3kSchemaOnly,4.796,0.012991,0.010454,0.002537000000000001,0.24268222689879482,4,4,23737,22590,1147,24117,22889,False,0.5402843601895735,2,1
sample,environment-easy-5,True,DataflowSystemGPT52Latest5kSchemaOnly,DataflowSystemGPT52Latest3kSchemaOnly,Ashburnham,0.04937,0.022398,0.026971999999999996,1.2042146620233947,4,4,39853,32826,7027,40529,33433,False,0.707823310271421,5,4
sample,environment-hard-15,True,DataflowSystemGPT52Latest5kSchemaOnly,DataflowSystemGPT52Latest3kSchemaOnly,Damon Pond Beach (DCR),0.052163,0.032439,0.019724,0.6080335398748419,7,7,73065,57586,15479,74109,58580,False,0.022278117139777218,8,7
sample,legal-easy-10,False,DataflowSystemGPT52Latest5kSchemaOnly,DataflowSystemGPT52Latest3kSchemaOnly,"[2010, 2011, 2012, 2013, 2014, 2019]",0.016955,0.018797,-0.0018419999999999999,-0.09799436080225567,5,5,28388,29983,-1595,29017,30717,False,0.36121323529411764,3,2
sample,legal-easy-26,False,DataflowSystemGPT52Latest5kSchemaOnly,DataflowSystemGPT52Latest3kSchemaOnly,"['Arizona', 'California', 'Massachusetts', 'Ohio', 'Oklahoma', 'Rhode Island']",0.018657,0.017139,0.0015179999999999985,0.08856992823385253,5,5,29535,29816,-281,30171,30438,False,0.23513011152416358,3,2
sample,legal-easy-3,False,DataflowSystemGPT52Latest5kSchemaOnly,DataflowSystemGPT52Latest3kSchemaOnly,13.1628,0.018842,0.01741,0.0014320000000000027,0.08225157955198178,5,5,28346,30027,-1681,28971,30642,False,0.13883847549909256,3,2
sample,legal-easy-5,False,DataflowSystemGPT52Latest5kSchemaOnly,DataflowSystemGPT52Latest3kSchemaOnly,5435,0.011308,0.011462,-0.00015399999999999962,-0.013435700575815706,4,4,20425,22124,-1699,20782,22510,False,0.18825422365245373,2,1
sample,legal-easy-9,False,DataflowSystemGPT52Latest5kSchemaOnly,DataflowSystemGPT52Latest3kSchemaOnly,2002,0.016895,0.017785,-0.0008899999999999984,-0.0500421703682878,5,5,27091,29945,-2854,27705,30453,False,0.05641025641025641,3,2
sample,legal-hard-16,False,DataflowSystemGPT52Latest5kSchemaOnly,DataflowSystemGPT52Latest3kSchemaOnly,Delaware,0.022042,0.022077,-3.500000000000031e-05,-0.0015853603297549626,5,5,31538,29910,1628,32223,30873,False,0.23612823674475955,3,2
sample,legal-hard-17,True,DataflowSystemGPT52Latest5kSchemaOnly,DataflowSystemGPT52Latest3kSchemaOnly,32542,0.038716,0.030403,0.008313000000000001,0.2734269644442983,9,7,55589,45813,9776,57065,46794,False,0.13302294645826404,5,4
sample,legal-hard-22,False,DataflowSystemGPT52Latest5kSchemaOnly,DataflowSystemGPT52Latest3kSchemaOnly,0.0555,0.026317,0.022704,0.0036130000000000016,0.1591349541930938,7,7,43859,43574,285,44706,44357,False,0.3130582730752871,5,4
sample,legal-hard-30,False,DataflowSystemGPT52Latest5kSchemaOnly,DataflowSystemGPT52Latest3kSchemaOnly,No,0.032634,0.028443,0.004191000000000004,0.14734732623141034,6,6,42293,40306,1987,43571,41461,False,0.2572025052192067,5,4
sample,legal-hard-6,True,DataflowSystemGPT52Latest5kSchemaOnly,DataflowSystemGPT52Latest3kSchemaOnly,1.1413,0.032703,0.017311,0.015392000000000003,0.8891456299462771,5,5,26809,28929,-2120,27349,29631,False,0.44340505144995324,3,2
sample,legal-hard-7,False,DataflowSystemGPT52Latest5kSchemaOnly,DataflowSystemGPT52Latest3kSchemaOnly,Bank Account,0.015198,0.019318,-0.004119999999999999,-0.21327259550678118,5,5,26736,28914,-2178,27302,29718,False,0.329888383629599,3,2
sample,wildfire-easy-1,False,DataflowSystemGPT52Latest5kSchemaOnly,DataflowSystemGPT52Latest3kSchemaOnly,7805421,0.029043,0.029985,-0.0009420000000000019,-0.03141570785392703,6,6,35940,37080,-1140,36546,37726,False,0.12475633528265107,3,1
sample,wildfire-easy-13,False,DataflowSystemGPT52Latest5kSchemaOnly,DataflowSystemGPT52Latest3kSchemaOnly,Great Basin Area,0.008934,0.009531,-0.0005970000000000003,-0.06263770853005984,4,4,19846,21734,-1888,20077,22002,False,0.4312736443883985,2,1
sample,wildfire-easy-8,True,DataflowSystemGPT52Latest5kSchemaOnly,DataflowSystemGPT52Latest3kSchemaOnly,Lightning,0.01722,0.010229,0.006990999999999999,0.6834490174992667,4,4,22165,23247,-1082,22410,23491,False,0.804953560371517,2,1
sample,wildfire-hard-11,False,DataflowSystemGPT52Latest5kSchemaOnly,DataflowSystemGPT52Latest3kSchemaOnly,Wyoming,0.011114,0.010759,0.00035500000000000115,0.032995631564271884,4,4,21557,22889,-1332,21845,23158,False,0.34675615212527966,2,1
sample,wildfire-hard-16,False,DataflowSystemGPT52Latest5kSchemaOnly,DataflowSystemGPT52Latest3kSchemaOnly,"[6.326, 0.787]",0.024542,0.024053,0.0004889999999999999,0.020330104352887367,6,6,42037,39002,3035,42697,39632,False,0.17857142857142858,4,2
sample,wildfire-hard-20,True,DataflowSystemGPT52Latest5kSchemaOnly,DataflowSystemGPT52Latest3kSchemaOnly,0.0465,0.032498,0.025292,0.007206000000000001,0.28491222520955245,7,7,49708,48475,1233,50611,49219,False,0.15191053122087605,5,3
sample,wildfire-hard-4,True,DataflowSystemGPT52Latest5kSchemaOnly,DataflowSystemGPT52Latest3kSchemaOnly,2065.1,0.063477,0.049518,0.013959000000000006,0.2818974918211561,10,9,82180,78904,3276,84448,80354,False,0.30055817947617003,8,5
sample,archeology-easy-10,False,DataflowSystemGPT52Latest7kSchemaOnly,DataflowSystemGPT52Latest3kSchemaOnly,Singapore,0.010309,0.009367,0.0009420000000000001,0.10056581616312588,4,4,25259,22922,2337,25430,23145,False,0.3973509933774834,2,1
sample,archeology-easy-3,True,DataflowSystemGPT52Latest7kSchemaOnly,DataflowSystemGPT52Latest3kSchemaOnly,3.1333,0.018526,0.012151,0.0063750000000000005,0.5246481771047651,4,4,25170,23041,2129,25579,23448,False,0.4768627450980392,2,1
sample,archeology-easy-6,False,DataflowSystemGPT52Latest7kSchemaOnly,DataflowSystemGPT52Latest3kSchemaOnly,São Paulo,0.011083,0.009605,0.0014780000000000001,0.153878188443519,4,4,25333,23018,2315,25550,23246,False,0.8083067092651757,2,1
sample,astronomy-easy-2,False,DataflowSystemGPT52Latest7kSchemaOnly,DataflowSystemGPT52Latest3kSchemaOnly,7.52,0.019334,0.019998,-0.0006639999999999979,-0.033203320332033104,4,3,32837,19632,13205,33267,20248,False,0.33514246947082765,3,2
sample,biomedical-easy-6,False,DataflowSystemGPT52Latest7kSchemaOnly,DataflowSystemGPT52Latest3kSchemaOnly,IA,0.019265,0.015506,0.003759,0.24242228814652392,6,5,36954,30344,6610,37498,30769,False,0.599444958371878,3,1
sample,biomedical-easy-9,True,DataflowSystemGPT52Latest7kSchemaOnly,DataflowSystemGPT52Latest3kSchemaOnly,-0.008003975,0.054605,0.036406,0.018199,0.49989012800087895,9,8,77374,58514,18860,78601,59733,False,0.5109634551495017,9,1
sample,environment-easy-1,False,DataflowSystemGPT52Latest7kSchemaOnly,DataflowSystemGPT52Latest3kSchemaOnly,4.796,0.011127,0.010454,0.000673,0.06437727185766214,4,4,24467,22590,1877,24709,22889,False,0.6294820717131474,2,1
sample,environment-easy-6,True,DataflowSystemGPT52Latest7kSchemaOnly,DataflowSystemGPT52Latest3kSchemaOnly,5.14,0.019824,0.013797,0.006027000000000001,0.43683409436834103,4,4,26003,24025,1978,26415,24441,False,0.4011142061281337,2,1
sample,environment-hard-14,True,DataflowSystemGPT52Latest7kSchemaOnly,DataflowSystemGPT52Latest3kSchemaOnly,Marine,0.097586,0.05762,0.03996600000000001,0.6936133287053108,4,7,57728,78076,-20348,59700,80093,False,0.2072992700729927,11,10
sample,legal-easy-10,False,DataflowSystemGPT52Latest7kSchemaOnly,DataflowSystemGPT52Latest3kSchemaOnly,"[2010, 2011, 2012, 2013, 2014, 2019]",0.018599,0.018797,-0.00019800000000000026,-0.0105335957865617,5,5,30471,29983,488,31173,30717,False,0.6123114553607827,3,2
sample,legal-easy-13,True,DataflowSystemGPT52Latest7kSchemaOnly,DataflowSystemGPT52Latest3kSchemaOnly,1097.47,0.025494,0.017606,0.007888,0.44802908099511524,6,6,36675,35283,1392,37238,35831,False,0.144745122718691,3,2
sample,legal-easy-26,False,DataflowSystemGPT52Latest7kSchemaOnly,DataflowSystemGPT52Latest3kSchemaOnly,"['Arizona', 'California', 'Massachusetts', 'Ohio', 'Oklahoma', 'Rhode Island']",0.018108,0.017139,0.0009689999999999976,0.056537720987221984,5,5,33402,29816,3586,33933,30438,False,0.22877478393492628,3,2
sample,legal-hard-14,False,DataflowSystemGPT52Latest7kSchemaOnly,DataflowSystemGPT52Latest3kSchemaOnly,"['Boston-Cambridge-Newton, MA-NH Metropolitan Statistical Area', 'Providence-Warwick, RI-MA Metropolitan Statistical Area', 'Hartford-West Hartford-East Hartford, CT Metropolitan Statistical Area', 'Bridgeport-Stamford-Danbury, CT Metropolitan Statistical Area', 'Worcester, MA Metropolitan Statistical Area']",0.031232,0.032062,-0.0008300000000000009,-0.025887343272409734,5,6,34879,36921,-2042,36062,38340,False,0.28814627994955866,4,3
sample,legal-hard-17,False,DataflowSystemGPT52Latest7kSchemaOnly,DataflowSystemGPT52Latest3kSchemaOnly,32542,0.0278,0.030403,-0.002603000000000001,-0.0856165509982568,7,7,45649,45813,-164,46623,46794,False,0.1386459345643019,5,4
sample,legal-hard-22,False,DataflowSystemGPT52Latest7kSchemaOnly,DataflowSystemGPT52Latest3kSchemaOnly,0.0555,0.02601,0.022704,0.003306,0.14561310782241016,7,7,49074,43574,5500,49996,44357,False,0.3365983971504898,5,4
sample,legal-hard-6,False,DataflowSystemGPT52Latest7kSchemaOnly,DataflowSystemGPT52Latest3kSchemaOnly,1.1413,0.017053,0.017311,-0.0002580000000000013,-0.014903818381376078,5,5,28956,28929,27,29593,29631,False,0.2297410192147034,3,2
sample,legal-hard-7,False,DataflowSystemGPT52Latest7kSchemaOnly,DataflowSystemGPT52Latest3kSchemaOnly,Bank Account,0.015565,0.019318,-0.0037529999999999977,-0.19427476964489068,5,5,28926,28914,12,29518,29718,False,0.15006252605252188,3,2
sample,wildfire-easy-1,True,DataflowSystemGPT52Latest7kSchemaOnly,DataflowSystemGPT52Latest3kSchemaOnly,7805421,0.038422,0.029985,0.008436999999999997,0.28137402034350495,8,6,53450,37080,16370,54654,37726,False,0.3898989898989899,3,1
sample,wildfire-easy-13,False,DataflowSystemGPT52Latest7kSchemaOnly,DataflowSystemGPT52Latest3kSchemaOnly,Great Basin Area,0.008802,0.009531,-0.0007289999999999987,-0.07648725212464576,4,4,21732,21734,-2,21977,22002,False,0.9988439306358381,2,1
sample,wildfire-easy-15,False,DataflowSystemGPT52Latest7kSchemaOnly,DataflowSystemGPT52Latest3kSchemaOnly,No,0.034278,0.029839,0.004439000000000002,0.14876503904286342,4,4,28221,26361,1860,29417,27602,False,0.39516616314199393,4,2
sample,wildfire-easy-8,False,DataflowSystemGPT52Latest7kSchemaOnly,DataflowSystemGPT52Latest3kSchemaOnly,Lightning,0.011208,0.010229,0.000978999999999999,0.09570828037931361,4,4,25062,23247,1815,25293,23491,False,0.8201892744479495,2,1
sample,wildfire-hard-11,False,DataflowSystemGPT52Latest7kSchemaOnly,DataflowSystemGPT52Latest3kSchemaOnly,Wyoming,0.010467,0.010759,-0.00029199999999999886,-0.027140068779626256,4,4,23255,22889,366,23515,23158,False,0.20326223337515684,2,1
sample,wildfire-hard-20,True,DataflowSystemGPT52Latest7kSchemaOnly,DataflowSystemGPT52Latest3kSchemaOnly,0.0465,0.046743,0.025292,0.021451,0.8481337972481418,7,7,56590,48475,8115,57391,49219,False,0.11093831000518403,5,3
mode,archeology-easy-10,False,DataflowSystemGPT52Delta3kSchemaOnly,DataflowSystemGPT52Latest3kSchemaOnly,Singapore,0.009512,0.009367,0.0001449999999999993,0.015479876160990636,4,4,22648,22922,-274,22858,23145,False,0.40702781844802344,2,1
mode,archeology-easy-3,False,DataflowSystemGPT52Delta3kSchemaOnly,DataflowSystemGPT52Latest3kSchemaOnly,3.1333,0.013991,0.012151,0.0018399999999999996,0.15142786601925765,4,4,23217,23041,176,23647,23448,False,0.3605086013462977,2,1
mode,archeology-easy-6,False,DataflowSystemGPT52Delta3kSchemaOnly,DataflowSystemGPT52Latest3kSchemaOnly,São Paulo,0.012448,0.009605,0.002843,0.29599167100468504,4,4,24158,23018,1140,24389,23246,False,0.6913996627318718,2,1
mode,astronomy-easy-2,False,DataflowSystemGPT52Delta3kSchemaOnly,DataflowSystemGPT52Latest3kSchemaOnly,7.52,0.01626,0.019998,-0.0037379999999999983,-0.18691869186918686,4,3,26776,19632,7144,27240,20248,False,0.31727681438664096,3,2
mode,astronomy-easy-5,False,DataflowSystemGPT52Delta3kSchemaOnly,DataflowSystemGPT52Latest3kSchemaOnly,2,0.026448,0.031521,-0.005073000000000001,-0.16094032549728757,5,5,36833,34593,2240,37718,35818,False,0.09632571996027806,3,2
mode,astronomy-hard-10,True,DataflowSystemGPT52Delta3kSchemaOnly,DataflowSystemGPT52Latest3kSchemaOnly,"['Proton_flux_>30_Mev', -0.193]",0.074237,0.065697,0.008539999999999992,0.12999071494893208,7,8,89210,88386,824,91771,90368,False,0.3032730285872117,8,7
mode,environment-easy-1,False,DataflowSystemGPT52Delta3kSchemaOnly,DataflowSystemGPT52Latest3kSchemaOnly,4.796,0.010501,0.010454,4.700000000000017e-05,0.0044958867419169855,4,4,22420,22590,-170,22686,22889,False,0.6641318124207858,2,1
mode,environment-easy-5,False,DataflowSystemGPT52Delta3kSchemaOnly,DataflowSystemGPT52Latest3kSchemaOnly,Ashburnham,0.024816,0.022398,0.002418,0.10795606750602732,4,4,33336,32826,510,34052,33433,False,0.635,5,4
mode,legal-easy-10,False,DataflowSystemGPT52Delta3kSchemaOnly,DataflowSystemGPT52Latest3kSchemaOnly,"[2010, 2011, 2012, 2013, 2014, 2019]",0.02056,0.018797,0.0017629999999999972,0.09379156248337485,5,5,30758,29983,775,31521,30717,False,0.36601826121476777,3,2
mode,legal-easy-11,False,DataflowSystemGPT52Delta3kSchemaOnly,DataflowSystemGPT52Latest3kSchemaOnly,No,0.017062,0.016242,0.0008200000000000013,0.05048639330131765,5,5,30460,30051,409,30996,30594,False,0.18121546961325966,3,2
mode,legal-easy-13,False,DataflowSystemGPT52Delta3kSchemaOnly,DataflowSystemGPT52Latest3kSchemaOnly,1097.47,0.020703,0.017606,0.003096999999999999,0.17590594115642388,6,6,35995,35283,712,36632,35831,False,0.6515249837767684,3,2
mode,legal-easy-21,False,DataflowSystemGPT52Delta3kSchemaOnly,DataflowSystemGPT52Latest3kSchemaOnly,16589,0.018419,0.015015,0.0034040000000000008,0.22670662670662675,5,5,30173,29388,785,30813,29883,False,0.4165834165834166,3,2
mode,legal-easy-25,False,DataflowSystemGPT52Delta3kSchemaOnly,DataflowSystemGPT52Latest3kSchemaOnly,U.S. Space Force,0.018506,0.027489,-0.008982999999999998,-0.32678525955836873,5,6,30450,36071,-5621,31076,37284,False,0.21365890881343,3,2
mode,legal-easy-26,False,DataflowSystemGPT52Delta3kSchemaOnly,DataflowSystemGPT52Latest3kSchemaOnly,"['Arizona', 'California', 'Massachusetts', 'Ohio', 'Oklahoma', 'Rhode Island']",0.018186,0.017139,0.0010469999999999993,0.06108874496761767,5,5,30141,29816,325,30754,30438,False,0.2236024844720497,3,2
mode,legal-easy-3,False,DataflowSystemGPT52Delta3kSchemaOnly,DataflowSystemGPT52Latest3kSchemaOnly,13.1628,0.018321,0.01741,0.0009110000000000021,0.05232624928202195,5,5,30615,30027,588,31236,30642,False,0.701721731037692,3,2
mode,legal-easy-4,False,DataflowSystemGPT52Delta3kSchemaOnly,DataflowSystemGPT52Latest3kSchemaOnly,2111635,0.019132,0.018572,0.000559999999999998,0.030152918371742297,5,5,30958,30355,603,31594,30940,False,0.15415216310293386,3,2
mode,legal-easy-9,False,DataflowSystemGPT52Delta3kSchemaOnly,DataflowSystemGPT52Latest3kSchemaOnly,2002,0.020942,0.017785,0.003157,0.17750913691312906,5,5,30610,29945,665,31318,30453,False,0.2074074074074074,3,2
mode,legal-hard-14,False,DataflowSystemGPT52Delta3kSchemaOnly,DataflowSystemGPT52Latest3kSchemaOnly,"['Boston-Cambridge-Newton, MA-NH Metropolitan Statistical Area', 'Providence-Warwick, RI-MA Metropolitan Statistical Area', 'Hartford-West Hartford-East Hartford, CT Metropolitan Statistical Area', 'Bridgeport-Stamford-Danbury, CT Metropolitan Statistical Area', 'Worcester, MA Metropolitan Statistical Area']",0.037059,0.032062,0.0049970000000000014,0.15585428232798956,6,6,39386,36921,2465,40825,38340,False,0.23378212974296206,4,3
mode,legal-hard-17,False,DataflowSystemGPT52Delta3kSchemaOnly,DataflowSystemGPT52Latest3kSchemaOnly,32542,0.027789,0.030403,-0.0026139999999999983,-0.08597835739894084,6,7,39673,45813,-6140,40630,46794,False,0.2944625407166124,5,4
mode,legal-hard-22,True,DataflowSystemGPT52Delta3kSchemaOnly,DataflowSystemGPT52Latest3kSchemaOnly,0.0555,0.031675,0.022704,0.008971000000000003,0.3951286116983793,7,7,45745,43574,2171,46667,44357,False,0.1555221637866266,5,4
mode,legal-hard-6,False,DataflowSystemGPT52Delta3kSchemaOnly,DataflowSystemGPT52Latest3kSchemaOnly,1.1413,0.018981,0.017311,0.0016700000000000013,0.09647045231355793,5,5,29622,28929,693,30299,29631,False,0.15110759493670886,3,2
mode,legal-hard-7,True,DataflowSystemGPT52Delta3kSchemaOnly,DataflowSystemGPT52Latest3kSchemaOnly,Bank Account,0.028077,0.019318,0.008759000000000003,0.453411326224247,6,5,37217,28914,8303,38372,29718,False,0.09365023057821922,3,2
mode,wildfire-easy-13,False,DataflowSystemGPT52Delta3kSchemaOnly,DataflowSystemGPT52Latest3kSchemaOnly,Great Basin Area,0.010103,0.009531,0.0005719999999999996,0.06001468890987301,4,4,21405,21734,-329,21683,22002,False,0.4228855721393035,2,1
mode,wildfire-easy-15,False,DataflowSystemGPT52Delta3kSchemaOnly,DataflowSystemGPT52Latest3kSchemaOnly,No,0.026224,0.029839,-0.003615,-0.12115017259291531,6,4,40587,26361,14226,41318,27602,False,0.2805872756933116,4,2
mode,wildfire-easy-3,True,DataflowSystemGPT52Delta3kSchemaOnly,DataflowSystemGPT52Latest3kSchemaOnly,"['California', 'Nevada']",0.055989,0.048967,0.0070220000000000005,0.14340269977740114,7,9,55813,68738,-12925,57386,70325,False,0.1451231859601755,6,5
mode,wildfire-easy-8,False,DataflowSystemGPT52Delta3kSchemaOnly,DataflowSystemGPT52Latest3kSchemaOnly,Lightning,0.010786,0.010229,0.0005570000000000002,0.054453025711213236,4,4,23056,23247,-191,23306,23491,False,0.8708708708708709,2,1
mode,wildfire-hard-11,False,DataflowSystemGPT52Delta3kSchemaOnly,DataflowSystemGPT52Latest3kSchemaOnly,Wyoming,0.014827,0.010759,0.0040680000000000004,0.37810205409424674,4,4,22439,22889,-450,22810,23158,False,0.082039911308204,2,1
mode,wildfire-hard-20,True,DataflowSystemGPT52Delta3kSchemaOnly,DataflowSystemGPT52Latest3kSchemaOnly,0.0465,0.031453,0.025292,0.006161000000000003,0.24359481258896107,7,7,50189,48475,1714,51202,49219,False,0.08741830065359477,5,3
mode,wildfire-hard-4,False,DataflowSystemGPT52Delta3kSchemaOnly,DataflowSystemGPT52Latest3kSchemaOnly,2065.1,0.054221,0.049518,0.004702999999999999,0.09497556444121327,7,9,54724,78904,-24180,56710,80354,False,0.1903199343724364,8,5
info,archeology-easy-10,False,DataflowSystemGPT52LatestStats5kD2,DataflowSystemGPT52Latest5kSchemaOnly,Singapore,0.01111,0.012946,-0.001835999999999999,-0.1418198671404294,4,4,25222,24126,1096,25426,24339,False,0.9329359165424739,2,1
info,archeology-easy-3,False,DataflowSystemGPT52LatestStats5kD2,DataflowSystemGPT52Latest5kSchemaOnly,3.1333,0.013718,0.01401,-0.0002920000000000006,-0.020842255531763068,4,4,25175,22372,2803,25528,22765,False,0.7601957585644372,2,1
info,archeology-easy-6,False,DataflowSystemGPT52LatestStats5kD2,DataflowSystemGPT52Latest5kSchemaOnly,São Paulo,0.013093,0.011093,0.002,0.18029387902280716,4,4,25706,22494,3212,25948,22721,False,0.9421221864951769,2,1
info,astronomy-easy-2,False,DataflowSystemGPT52LatestStats5kD2,DataflowSystemGPT52Latest5kSchemaOnly,7.52,0.018574,0.023819,-0.005245,-0.22020235946093453,4,3,30268,20577,9691,30720,21175,False,0.36592592592592593,3,2
info,astronomy-hard-9,True,DataflowSystemGPT52LatestStats5kD2,DataflowSystemGPT52Latest5kSchemaOnly,24,0.144603,0.085285,0.05931800000000001,0.6955267632057222,12,5,161488,48150,113338,164706,50815,False,0.15618577887381832,7,5
info,biomedical-easy-2,False,DataflowSystemGPT52LatestStats5kD2,DataflowSystemGPT52Latest5kSchemaOnly,68.5,0.023985,0.020582,0.0034029999999999998,0.16533864541832669,6,6,42325,33273,9052,42866,33896,False,0.5318450426789232,3,1
info,biomedical-easy-6,False,DataflowSystemGPT52LatestStats5kD2,DataflowSystemGPT52Latest5kSchemaOnly,IA,0.022923,0.030385,-0.007462,-0.2455817014974494,6,6,42545,33363,9182,43069,33883,False,0.7032967032967034,3,1
info,environment-easy-1,False,DataflowSystemGPT52LatestStats5kD2,DataflowSystemGPT52Latest5kSchemaOnly,4.796,0.012121,0.012991,-0.000870000000000001,-0.06696944038180286,4,4,24800,23737,1063,25057,24117,False,0.7142857142857143,2,1
info,environment-easy-4,False,DataflowSystemGPT52LatestStats5kD2,DataflowSystemGPT52Latest5kSchemaOnly,86,0.048537,0.058311,-0.009774000000000005,-0.16761845963883323,7,7,87860,71586,16274,88970,72750,False,0.385450278674098,9,8
info,environment-easy-5,False,DataflowSystemGPT52LatestStats5kD2,DataflowSystemGPT52Latest5kSchemaOnly,Ashburnham,0.029416,0.04937,-0.019953999999999996,-0.4041725744379177,4,4,43131,39853,3278,43700,40529,False,0.7268673355629878,5,4
info,environment-hard-7,False,DataflowSystemGPT52LatestStats5kD2,DataflowSystemGPT52Latest5kSchemaOnly,10.87,0.022913,0.022281,0.0006320000000000006,0.02836497464207175,5,5,39125,35641,3484,39759,36363,False,0.4431512981199642,4,3
info,legal-easy-10,False,DataflowSystemGPT52LatestStats5kD2,DataflowSystemGPT52Latest5kSchemaOnly,"[2010, 2011, 2012, 2013, 2014, 2019]",0.017326,0.016955,0.0003709999999999998,0.02188145089943968,5,5,31656,28388,3268,32191,29017,False,0.7145338737695426,3,2
info,legal-easy-12,False,DataflowSystemGPT52LatestStats5kD2,DataflowSystemGPT52Latest5kSchemaOnly,3,0.020571,0.020168,0.0004030000000000006,0.019982149940499832,6,6,37867,34283,3584,38491,34923,False,0.5967470555243971,3,2
info,legal-easy-13,False,DataflowSystemGPT52LatestStats5kD2,DataflowSystemGPT52Latest5kSchemaOnly,1097.47,0.014838,0.019159,-0.0043209999999999985,-0.22553369173756452,5,6,29370,32311,-2941,29797,33039,False,0.3157894736842105,2,1
info,legal-easy-19,False,DataflowSystemGPT52LatestStats5kD2,DataflowSystemGPT52Latest5kSchemaOnly,0.523,0.014041,0.012092,0.0019489999999999993,0.16118094608005287,4,4,23961,21668,2293,24388,22012,False,0.14874696847210994,2,1
info,legal-easy-20,False,DataflowSystemGPT52LatestStats5kD2,DataflowSystemGPT52Latest5kSchemaOnly,40,0.017088,0.015416,0.0016719999999999999,0.1084587441619097,5,5,31600,28321,3279,32125,28834,False,0.7992831541218638,3,2
info,legal-easy-25,False,DataflowSystemGPT52LatestStats5kD2,DataflowSystemGPT52Latest5kSchemaOnly,U.S. Space Force,0.015529,0.014348,0.0011809999999999998,0.0823111235015333,4,4,24168,21637,2531,24733,22146,False,0.09725906277630415,2,1
info,legal-easy-26,False,DataflowSystemGPT52LatestStats5kD2,DataflowSystemGPT52Latest5kSchemaOnly,"['Arizona', 'California', 'Massachusetts', 'Ohio', 'Oklahoma', 'Rhode Island']",0.017755,0.018657,-0.000902,-0.04834646513372997,5,5,32624,29535,3089,33155,30171,False,0.20291310899045706,3,2
info,legal-easy-27,False,DataflowSystemGPT52LatestStats5kD2,DataflowSystemGPT52Latest5kSchemaOnly,27,0.01591,0.014492,0.0014180000000000009,0.09784708804857858,5,5,32522,29377,3145,32934,29764,False,0.5855263157894737,3,2
info,legal-easy-4,False,DataflowSystemGPT52LatestStats5kD2,DataflowSystemGPT52Latest5kSchemaOnly,2111635,0.013754,0.014044,-0.0002899999999999986,-0.020649387638849232,4,4,24344,21958,2386,24789,22434,False,0.64487743557511,2,1
info,legal-easy-5,False,DataflowSystemGPT52LatestStats5kD2,DataflowSystemGPT52Latest5kSchemaOnly,5435,0.011986,0.011308,0.0006779999999999998,0.059957552175450984,4,4,22582,20425,2157,22977,20782,False,0.2078125,2,1
info,legal-easy-9,False,DataflowSystemGPT52LatestStats5kD2,DataflowSystemGPT52Latest5kSchemaOnly,2002,0.016471,0.016895,-0.00042400000000000077,-0.02509618230245639,5,5,29831,27091,2740,30389,27705,False,0.258985721319547,3,2
info,legal-hard-16,False,DataflowSystemGPT52LatestStats5kD2,DataflowSystemGPT52Latest5kSchemaOnly,Delaware,0.020871,0.022042,-0.0011709999999999984,-0.05312585064876139,5,5,32451,31538,913,33183,32223,False,0.38196834136269786,3,2
info,legal-hard-17,False,DataflowSystemGPT52LatestStats5kD2,DataflowSystemGPT52Latest5kSchemaOnly,32542,0.025919,0.038716,-0.012797,-0.3305351792540552,7,9,46601,55589,-8988,47480,57065,False,0.1939037825927286,5,4
info,legal-hard-23,False,DataflowSystemGPT52LatestStats5kD2,DataflowSystemGPT52Latest5kSchemaOnly,District of Columbia,0.036767,0.034765,0.0020020000000000038,0.057586653243204486,7,7,51552,47605,3947,52875,48832,False,0.2448875255623722,5,4
info,legal-hard-29,False,DataflowSystemGPT52LatestStats5kD2,DataflowSystemGPT52Latest5kSchemaOnly,"Washington-Arlington-Alexandria, DC-VA-MD-WV Metropolitan Statistical Area",0.038971,0.036754,0.0022169999999999968,0.060319965173858535,8,8,67733,62695,5038,68818,63805,False,0.6074270557029178,6,5
info,legal-hard-30,False,DataflowSystemGPT52LatestStats5kD2,DataflowSystemGPT52Latest5kSchemaOnly,No,0.036066,0.032634,0.0034319999999999976,0.10516639088067652,6,6,50798,42293,8505,52050,43571,False,0.1543846004277659,5,4
info,legal-hard-7,False,DataflowSystemGPT52LatestStats5kD2,DataflowSystemGPT52Latest5kSchemaOnly,Bank Account,0.01728,0.015198,0.0020820000000000005,0.13699170943545208,5,5,30260,26736,3524,30851,27302,False,0.3326904532304725,3,2
info,wildfire-easy-13,False,DataflowSystemGPT52LatestStats5kD2,DataflowSystemGPT52Latest5kSchemaOnly,Great Basin Area,0.009362,0.008934,0.0004280000000000013,0.04790687262144631,4,4,21902,19846,2056,22137,20077,False,0.47277936962750716,2,1
info,wildfire-easy-15,False,DataflowSystemGPT52LatestStats5kD2,DataflowSystemGPT52Latest5kSchemaOnly,No,0.023095,0.02035,0.002745000000000001,0.13488943488943494,5,5,37973,30411,7562,38404,30972,False,0.2948609941027801,3,1
info,wildfire-easy-2,True,DataflowSystemGPT52LatestStats5kD2,DataflowSystemGPT52Latest5kSchemaOnly,EACC,0.083017,0.040923,0.04209399999999999,1.0286147154411942,10,8,120299,67711,52588,122193,68751,False,0.1472668810289389,6,5
info,wildfire-easy-8,False,DataflowSystemGPT52LatestStats5kD2,DataflowSystemGPT52Latest5kSchemaOnly,Lightning,0.013072,0.01722,-0.004147999999999999,-0.24088269454123107,4,4,27836,22165,5671,28055,22410,False,0.3119584055459272,2,1
info,wildfire-hard-10,False,DataflowSystemGPT52LatestStats5kD2,DataflowSystemGPT52Latest5kSchemaOnly,Republican,0.031863,0.032985,-0.001121999999999998,-0.034015461573442415,3,6,22788,44850,-22062,23929,45459,False,0.2088274044795784,6,4
info,wildfire-hard-11,False,DataflowSystemGPT52LatestStats5kD2,DataflowSystemGPT52Latest5kSchemaOnly,Wyoming,0.010339,0.011114,-0.0007750000000000014,-0.06973186971387452,4,4,23660,21557,2103,23889,21845,False,0.6616915422885572,2,1
info,wildfire-hard-16,True,DataflowSystemGPT52LatestStats5kD2,DataflowSystemGPT52Latest5kSchemaOnly,"[6.326, 0.787]",0.029577,0.024542,0.005034999999999998,0.2051585037894221,6,6,49210,42037,7173,49837,42697,False,0.25763612217795484,4,2
sample,archeology-easy-10,False,DataflowSystemGPT52LatestStats7kD2,DataflowSystemGPT52LatestStats5kD2,Singapore,0.011888,0.01111,0.0007779999999999992,0.07002700270026996,4,4,26387,25222,1165,26573,25426,False,0.7687296416938111,2,1
sample,archeology-easy-3,False,DataflowSystemGPT52LatestStats7kD2,DataflowSystemGPT52LatestStats5kD2,3.1333,0.013636,0.013718,-8.199999999999874e-05,-0.005977547747484964,4,4,26285,25175,1110,26623,25528,False,0.3224669603524229,2,1
sample,archeology-easy-6,False,DataflowSystemGPT52LatestStats7kD2,DataflowSystemGPT52LatestStats5kD2,São Paulo,0.012856,0.013093,-0.0002370000000000011,-0.018101275490720315,4,4,26719,25706,1013,26947,25948,False,0.9782608695652174,2,1
sample,astronomy-easy-1,False,DataflowSystemGPT52LatestStats7kD2,DataflowSystemGPT52LatestStats5kD2,15,0.0305,0.031057,-0.0005570000000000019,-0.01793476510931519,6,4,44507,28947,15560,45687,30283,False,0.1938831239759694,7,6
sample,astronomy-easy-2,False,DataflowSystemGPT52LatestStats7kD2,DataflowSystemGPT52LatestStats5kD2,7.52,0.019787,0.018574,0.0012129999999999988,0.06530634219877242,4,4,33334,30268,3066,33763,30720,False,0.5221987315010571,3,2
sample,biomedical-easy-2,False,DataflowSystemGPT52LatestStats7kD2,DataflowSystemGPT52LatestStats5kD2,68.5,0.023927,0.023985,-5.7999999999999025e-05,-0.0024181780279340847,6,6,43356,42325,1031,43908,42866,False,0.7920792079207921,3,1
sample,environment-easy-1,False,DataflowSystemGPT52LatestStats7kD2,DataflowSystemGPT52LatestStats5kD2,4.796,0.011702,0.012121,-0.00041899999999999923,-0.03456810494183642,4,4,25599,24800,799,25827,25057,False,0.6861313868613139,2,1
sample,environment-easy-5,False,DataflowSystemGPT52LatestStats7kD2,DataflowSystemGPT52LatestStats5kD2,Ashburnham,0.033751,0.029416,0.004335000000000002,0.14736877889583908,4,4,46952,43131,3821,47641,43700,False,0.5385018334206391,5,4
sample,environment-easy-6,False,DataflowSystemGPT52LatestStats7kD2,DataflowSystemGPT52LatestStats5kD2,5.14,0.015451,0.014407,0.0010439999999999998,0.07246477406816129,4,4,27322,26234,1088,27732,26619,False,0.2540415704387991,2,1
sample,environment-hard-13,False,DataflowSystemGPT52LatestStats7kD2,DataflowSystemGPT52LatestStats5kD2,11,0.020484,0.022112,-0.001628000000000001,-0.07362518089725041,5,5,38185,34797,3388,38835,35526,False,0.05766920304365238,3,2
sample,environment-hard-14,False,DataflowSystemGPT52LatestStats7kD2,DataflowSystemGPT52LatestStats5kD2,Marine,0.047262,0.049032,-0.0017700000000000007,-0.03609887420460109,7,7,70450,66583,3867,72018,68300,False,0.1299626739056668,6,5
sample,environment-hard-15,False,DataflowSystemGPT52LatestStats7kD2,DataflowSystemGPT52LatestStats5kD2,Damon Pond Beach (DCR),0.04192,0.039215,0.002704999999999999,0.06897870712737471,6,6,74191,65770,8421,75025,66729,False,0.36039315617036766,7,6
sample,environment-hard-20,False,DataflowSystemGPT52LatestStats7kD2,DataflowSystemGPT52LatestStats5kD2,"['Bucks Creek', 'Pleasant Street', 'Forest Street']",0.039258,0.037357,0.001901,0.05088738389056937,6,7,51057,62755,-11698,52519,63843,False,0.09157808667211774,6,5
sample,legal-easy-10,False,DataflowSystemGPT52LatestStats7kD2,DataflowSystemGPT52LatestStats5kD2,"[2010, 2011, 2012, 2013, 2014, 2019]",0.019374,0.017326,0.0020479999999999977,0.11820385547731718,5,5,31698,31656,42,32374,32191,False,0.7138397502601457,3,2
sample,legal-easy-12,False,DataflowSystemGPT52LatestStats7kD2,DataflowSystemGPT52LatestStats5kD2,3,0.02063,0.020571,5.9000000000000025e-05,0.002868115307957806,6,6,37795,37867,-72,38389,38491,False,0.38184836745987827,3,2
sample,legal-easy-19,False,DataflowSystemGPT52LatestStats7kD2,DataflowSystemGPT52LatestStats5kD2,0.523,0.013,0.014041,-0.0010410000000000003,-0.07414001851719965,4,4,23899,23961,-62,24317,24388,False,0.42825278810408923,2,1
sample,legal-easy-20,False,DataflowSystemGPT52LatestStats7kD2,DataflowSystemGPT52LatestStats5kD2,40,0.016651,0.017088,-0.0004369999999999999,-0.025573501872659173,5,5,31574,31600,-26,32071,32125,False,0.8694596235579842,3,2
sample,legal-easy-21,False,DataflowSystemGPT52LatestStats7kD2,DataflowSystemGPT52LatestStats5kD2,16589,0.018286,0.017475,0.0008109999999999992,0.04640915593705289,5,5,34014,32314,1700,34510,32835,False,0.7060301507537688,3,2
sample,legal-easy-25,False,DataflowSystemGPT52LatestStats7kD2,DataflowSystemGPT52LatestStats5kD2,U.S. Space Force,0.014461,0.015529,-0.0010679999999999995,-0.06877455084036316,4,4,24436,24168,268,24920,24733,False,0.11407876867360797,2,1
sample,legal-easy-26,False,DataflowSystemGPT52LatestStats7kD2,DataflowSystemGPT52LatestStats5kD2,"['Arizona', 'California', 'Massachusetts', 'Ohio', 'Oklahoma', 'Rhode Island']",0.019218,0.017755,0.001462999999999999,0.08239932413404669,5,5,34548,32624,1924,35087,33155,False,0.3361144219308701,3,2
sample,legal-easy-27,False,DataflowSystemGPT52LatestStats7kD2,DataflowSystemGPT52LatestStats5kD2,27,0.018205,0.01591,0.0022949999999999984,0.14424890006285346,5,5,34433,32522,1911,34914,32934,False,0.539413680781759,3,2
sample,legal-easy-4,False,DataflowSystemGPT52LatestStats7kD2,DataflowSystemGPT52LatestStats5kD2,2111635,0.014768,0.013754,0.0010139999999999993,0.07372400756143661,4,4,25261,24344,917,25707,24789,False,0.4932975871313673,2,1
sample,legal-easy-5,False,DataflowSystemGPT52LatestStats7kD2,DataflowSystemGPT52LatestStats5kD2,5435,0.011598,0.011986,-0.00038799999999999946,-0.032371099616218875,4,4,22584,22582,2,22951,22977,False,0.5819494584837546,2,1
sample,legal-easy-9,False,DataflowSystemGPT52LatestStats7kD2,DataflowSystemGPT52LatestStats5kD2,2002,0.016702,0.016471,0.00023100000000000204,0.01402464938376553,5,5,29963,29831,132,30521,30389,False,0.5192612137203166,3,2
sample,legal-hard-14,False,DataflowSystemGPT52LatestStats7kD2,DataflowSystemGPT52LatestStats5kD2,"['Boston-Cambridge-Newton, MA-NH Metropolitan Statistical Area', 'Providence-Warwick, RI-MA Metropolitan Statistical Area', 'Hartford-West Hartford-East Hartford, CT Metropolitan Statistical Area', 'Bridgeport-Stamford-Danbury, CT Metropolitan Statistical Area', 'Worcester, MA Metropolitan Statistical Area']",0.028032,0.034236,-0.006204000000000001,-0.18121275849982477,5,6,35628,40733,-5105,36748,42234,False,0.05821710127349909,4,3
sample,legal-hard-17,False,DataflowSystemGPT52LatestStats7kD2,DataflowSystemGPT52LatestStats5kD2,32542,0.025798,0.025919,-0.00012099999999999958,-0.004668389984181472,7,7,46548,46601,-53,47425,47480,False,0.3987915407854985,5,4
sample,legal-hard-23,False,DataflowSystemGPT52LatestStats7kD2,DataflowSystemGPT52LatestStats5kD2,District of Columbia,0.038268,0.036767,0.0015010000000000023,0.04082465254168146,7,7,55061,51552,3509,56355,52875,False,0.1987781954887218,5,4
sample,legal-hard-30,False,DataflowSystemGPT52LatestStats7kD2,DataflowSystemGPT52LatestStats5kD2,No,0.039274,0.036066,0.0032080000000000025,0.08894803970498537,7,6,60079,50798,9281,61192,52050,False,0.20499181669394434,5,4
sample,legal-hard-7,False,DataflowSystemGPT52LatestStats7kD2,DataflowSystemGPT52LatestStats5kD2,Bank Account,0.017782,0.01728,0.000501999999999999,0.029050925925925866,5,5,30211,30260,-49,30844,30851,False,0.4354986276303751,3,2
sample,wildfire-easy-8,False,DataflowSystemGPT52LatestStats7kD2,DataflowSystemGPT52LatestStats5kD2,Lightning,0.013908,0.013072,0.0008359999999999999,0.06395348837209301,4,4,29077,27836,1241,29287,28055,False,0.7476979742173112,2,1
sample,wildfire-hard-11,False,DataflowSystemGPT52LatestStats7kD2,DataflowSystemGPT52LatestStats5kD2,Wyoming,0.010999,0.010339,0.0006600000000000009,0.06383596092465431,4,4,23869,23660,209,24119,23889,False,0.9226361031518625,2,1
sample,wildfire-hard-16,False,DataflowSystemGPT52LatestStats7kD2,DataflowSystemGPT52LatestStats5kD2,"[6.326, 0.787]",0.032535,0.029577,0.0029580000000000023,0.1000101430165332,6,6,53110,49210,3900,53720,49837,False,0.5587808417997098,4,2
mode,archeology-easy-3,False,DataflowSystemGPT52DeltaStats5kD2,DataflowSystemGPT52LatestStats5kD2,3.1333,0.015217,0.013718,0.0014990000000000003,0.10927248870097685,4,4,25273,25175,98,25692,25528,False,0.2740157480314961,2,1
mode,archeology-easy-6,False,DataflowSystemGPT52DeltaStats5kD2,DataflowSystemGPT52LatestStats5kD2,São Paulo,0.012333,0.013093,-0.0007600000000000003,-0.05804628427403958,4,4,24985,25706,-721,25234,25948,False,0.665648854961832,2,1
mode,astronomy-easy-2,False,DataflowSystemGPT52DeltaStats5kD2,DataflowSystemGPT52LatestStats5kD2,7.52,0.020156,0.018574,0.001582,0.08517282222461506,4,4,30852,30268,584,31344,30720,False,0.692822966507177,3,2
mode,astronomy-easy-6,False,DataflowSystemGPT52DeltaStats5kD2,DataflowSystemGPT52LatestStats5kD2,"[0.0193, -0.0020]",0.039125,0.040381,-0.0012560000000000002,-0.031103736905970635,4,6,44119,68011,-23892,45186,69090,False,0.6527487821851079,5,4
mode,biomedical-hard-4,False,DataflowSystemGPT52DeltaStats5kD2,DataflowSystemGPT52LatestStats5kD2,['FIGO grade 2'],0.043083,0.03969,0.003393,0.0854875283446712,7,7,72003,67416,4587,73064,68448,False,0.6708074534161491,5,4
mode,environment-easy-1,False,DataflowSystemGPT52DeltaStats5kD2,DataflowSystemGPT52LatestStats5kD2,4.796,0.012574,0.012121,0.0004530000000000003,0.03737315403019555,4,4,24633,24800,-167,24900,25057,False,0.5903225806451613,2,1
mode,environment-easy-4,False,DataflowSystemGPT52DeltaStats5kD2,DataflowSystemGPT52LatestStats5kD2,86,0.051913,0.048537,0.003376000000000004,0.06955518470445236,7,7,90988,87860,3128,92193,88970,False,0.4247445457056062,9,8
mode,environment-hard-13,False,DataflowSystemGPT52DeltaStats5kD2,DataflowSystemGPT52LatestStats5kD2,11,0.026432,0.022112,0.004320000000000001,0.1953690303907381,5,5,36107,34797,1310,37024,35526,False,0.23806571605703658,3,2
mode,environment-hard-18,False,DataflowSystemGPT52DeltaStats5kD2,DataflowSystemGPT52LatestStats5kD2,True,0.068289,0.089382,-0.021093,-0.2359871114989595,4,8,64646,142322,-77676,66483,144913,False,0.19077683228108702,12,11
mode,legal-easy-10,False,DataflowSystemGPT52DeltaStats5kD2,DataflowSystemGPT52LatestStats5kD2,"[2010, 2011, 2012, 2013, 2014, 2019]",0.020605,0.017326,0.003278999999999997,0.18925314556158357,5,5,33384,31656,1728,34038,32191,False,0.29771398192450826,3,2
mode,legal-easy-11,False,DataflowSystemGPT52DeltaStats5kD2,DataflowSystemGPT52LatestStats5kD2,No,0.019528,0.016549,0.002978999999999999,0.1800108767901383,5,5,32935,31620,1315,33453,32104,False,0.641487507263219,3,2
mode,legal-easy-12,False,DataflowSystemGPT52DeltaStats5kD2,DataflowSystemGPT52LatestStats5kD2,3,0.02239,0.020571,0.0018190000000000012,0.0884254533080551,6,6,38956,37867,1089,39617,38491,False,0.6735632183908046,3,2
mode,legal-easy-19,True,DataflowSystemGPT52DeltaStats5kD2,DataflowSystemGPT52LatestStats5kD2,0.523,0.019339,0.014041,0.005297999999999999,0.3773235524535289,4,4,24465,23961,504,25193,24388,False,0.180674671240709,2,1
mode,legal-easy-20,False,DataflowSystemGPT52DeltaStats5kD2,DataflowSystemGPT52LatestStats5kD2,40,0.018282,0.017088,0.0011940000000000006,0.06987359550561802,5,5,31991,31600,391,32538,32125,False,0.7143681477207156,3,2
mode,legal-easy-21,False,DataflowSystemGPT52DeltaStats5kD2,DataflowSystemGPT52LatestStats5kD2,16589,0.017915,0.017475,0.0004399999999999994,0.025178826895565058,5,5,32687,32314,373,33164,32835,False,0.5769230769230769,3,2
mode,legal-easy-25,False,DataflowSystemGPT52DeltaStats5kD2,DataflowSystemGPT52LatestStats5kD2,U.S. Space Force,0.016431,0.015529,0.0009020000000000018,0.058084873462554046,4,4,24594,24168,426,25127,24733,False,0.10718843045512548,2,1
mode,legal-easy-26,False,DataflowSystemGPT52DeltaStats5kD2,DataflowSystemGPT52LatestStats5kD2,"['Arizona', 'California', 'Massachusetts', 'Ohio', 'Oklahoma', 'Rhode Island']",0.019857,0.017755,0.0021019999999999997,0.11838918614474794,5,5,33006,32624,382,33625,33155,False,0.3842417701025364,3,2
mode,legal-easy-27,False,DataflowSystemGPT52DeltaStats5kD2,DataflowSystemGPT52LatestStats5kD2,27,0.017591,0.01591,0.0016809999999999985,0.10565681961030789,5,5,32844,32522,322,33307,32934,False,0.1875,3,2
mode,legal-easy-4,False,DataflowSystemGPT52DeltaStats5kD2,DataflowSystemGPT52LatestStats5kD2,2111635,0.016212,0.013754,0.002458,0.17871164752072125,4,4,24573,24344,229,25093,24789,False,0.23730964467005075,2,1
mode,legal-easy-9,False,DataflowSystemGPT52DeltaStats5kD2,DataflowSystemGPT52LatestStats5kD2,2002,0.018878,0.016471,0.0024069999999999994,0.1461356323234776,5,5,30632,29831,801,31233,30389,False,0.3042008691453404,3,2
mode,legal-hard-14,False,DataflowSystemGPT52DeltaStats5kD2,DataflowSystemGPT52LatestStats5kD2,"['Boston-Cambridge-Newton, MA-NH Metropolitan Statistical Area', 'Providence-Warwick, RI-MA Metropolitan Statistical Area', 'Hartford-West Hartford-East Hartford, CT Metropolitan Statistical Area', 'Bridgeport-Stamford-Danbury, CT Metropolitan Statistical Area', 'Worcester, MA Metropolitan Statistical Area']",0.030211,0.034236,-0.004025000000000004,-0.11756630447482194,4,6,27292,40733,-13441,28472,42234,False,0.09238969499555819,4,3
mode,legal-hard-17,True,DataflowSystemGPT52DeltaStats5kD2,DataflowSystemGPT52LatestStats5kD2,32542,0.032172,0.025919,0.006252999999999998,0.24125159149658543,5,7,35808,46601,-10793,36870,47480,False,0.1304210193099082,5,4
mode,legal-hard-30,True,DataflowSystemGPT52DeltaStats5kD2,DataflowSystemGPT52LatestStats5kD2,No,0.050681,0.036066,0.014614999999999996,0.40522930183552364,6,6,50068,50798,-730,51332,52050,False,0.25667627281460137,5,4
mode,legal-hard-7,False,DataflowSystemGPT52DeltaStats5kD2,DataflowSystemGPT52LatestStats5kD2,Bank Account,0.021006,0.01728,0.003726,0.215625,5,5,31173,30260,913,31916,30851,False,0.329102447869447,3,2
mode,wildfire-easy-13,False,DataflowSystemGPT52DeltaStats5kD2,DataflowSystemGPT52LatestStats5kD2,Great Basin Area,0.010982,0.009362,0.00162,0.17303994872890407,4,4,21970,21902,68,22269,22137,False,0.5094339622641509,2,1
mode,wildfire-easy-15,False,DataflowSystemGPT52DeltaStats5kD2,DataflowSystemGPT52LatestStats5kD2,No,0.026123,0.023095,0.0030279999999999994,0.1311106300064949,5,5,38476,37973,503,38974,38404,False,0.04025423728813559,3,1
mode,wildfire-easy-8,False,DataflowSystemGPT52DeltaStats5kD2,DataflowSystemGPT52LatestStats5kD2,Lightning,0.014691,0.013072,0.001618999999999999,0.12385250917992648,4,4,27625,27836,-211,27914,28055,False,0.5915492957746479,2,1
mode,wildfire-hard-11,True,DataflowSystemGPT52DeltaStats5kD2,DataflowSystemGPT52LatestStats5kD2,Wyoming,0.015827,0.010339,0.0054880000000000016,0.5308056872037916,4,4,25380,23660,1720,25714,23889,False,0.6229946524064172,2,1
mode,wildfire-hard-16,False,DataflowSystemGPT52DeltaStats5kD2,DataflowSystemGPT52LatestStats5kD2,"[6.326, 0.787]",0.031383,0.029577,0.001806000000000002,0.061060959529364106,6,6,50114,49210,904,50757,49837,False,0.5080428954423593,4,2
sample,archeology-easy-10,False,DataflowSystemGPT52Latest7kSchemaOnly,DataflowSystemGPT52Latest5kSchemaOnly,Singapore,0.010309,0.012946,-0.0026369999999999987,-0.20369226015757755,4,4,25259,24126,1133,25430,24339,False,0.5524475524475524,2,1
sample,archeology-easy-3,False,DataflowSystemGPT52Latest7kSchemaOnly,DataflowSystemGPT52Latest5kSchemaOnly,3.1333,0.018526,0.01401,0.004516000000000001,0.32234118486795155,4,4,25170,22372,2798,25579,22765,False,0.2630350194552529,2,1
sample,archeology-easy-6,False,DataflowSystemGPT52Latest7kSchemaOnly,DataflowSystemGPT52Latest5kSchemaOnly,São Paulo,0.011083,0.011093,-9.999999999999593e-06,-0.0009014693951139991,4,4,25333,22494,2839,25550,22721,False,0.8877887788778878,2,1
sample,astronomy-easy-1,True,DataflowSystemGPT52Latest7kSchemaOnly,DataflowSystemGPT52Latest5kSchemaOnly,15,0.071544,0.045206,0.026337999999999993,0.5826217758704595,9,7,57727,45971,11756,61511,47644,False,0.1607597083262676,9,8
sample,astronomy-easy-2,False,DataflowSystemGPT52Latest7kSchemaOnly,DataflowSystemGPT52Latest5kSchemaOnly,7.52,0.019334,0.023819,-0.004484999999999999,-0.18829505856669043,4,3,32837,20577,12260,33267,21175,False,0.4595419847328244,3,2
sample,biomedical-easy-6,False,DataflowSystemGPT52Latest7kSchemaOnly,DataflowSystemGPT52Latest5kSchemaOnly,IA,0.019265,0.030385,-0.011119999999999998,-0.36597005101201247,6,6,36954,33363,3591,37498,33883,False,0.6242371403661726,3,1
sample,environment-easy-1,False,DataflowSystemGPT52Latest7kSchemaOnly,DataflowSystemGPT52Latest5kSchemaOnly,4.796,0.011127,0.012991,-0.001864000000000001,-0.14348395042721893,4,4,24467,23737,730,24709,24117,False,0.8293370944992948,2,1
sample,environment-hard-7,True,DataflowSystemGPT52Latest7kSchemaOnly,DataflowSystemGPT52Latest5kSchemaOnly,10.87,0.029704,0.022281,0.0074230000000000025,0.333153808177371,5,5,38385,35641,2744,39035,36363,False,0.5858407079646017,4,3
sample,legal-easy-10,False,DataflowSystemGPT52Latest7kSchemaOnly,DataflowSystemGPT52Latest5kSchemaOnly,"[2010, 2011, 2012, 2013, 2014, 2019]",0.018599,0.016955,0.0016439999999999996,0.09696254792096724,5,5,30471,28388,2083,31173,29017,False,0.6663447609850314,3,2
sample,legal-easy-11,False,DataflowSystemGPT52Latest7kSchemaOnly,DataflowSystemGPT52Latest5kSchemaOnly,No,0.014901,0.015226,-0.00032500000000000064,-0.0213450676474452,4,4,23086,22486,600,23511,22894,False,0.11954331766286098,2,1
sample,legal-easy-12,False,DataflowSystemGPT52Latest7kSchemaOnly,DataflowSystemGPT52Latest5kSchemaOnly,3,0.019792,0.020168,-0.00037599999999999786,-0.018643395477984822,6,6,36822,34283,2539,37449,34923,False,0.6870562534134352,3,2
sample,legal-easy-19,False,DataflowSystemGPT52Latest7kSchemaOnly,DataflowSystemGPT52Latest5kSchemaOnly,0.523,0.011758,0.012092,-0.00033400000000000096,-0.027621567978829056,4,4,23375,21668,1707,23741,22012,False,0.16666666666666666,2,1
sample,legal-easy-20,False,DataflowSystemGPT52Latest7kSchemaOnly,DataflowSystemGPT52Latest5kSchemaOnly,40,0.016194,0.015416,0.0007780000000000009,0.05046704722366379,5,5,30441,28321,2120,30975,28834,False,0.7141190198366394,3,2
sample,legal-easy-21,False,DataflowSystemGPT52Latest7kSchemaOnly,DataflowSystemGPT52Latest5kSchemaOnly,16589,0.013205,0.010519,0.002685999999999999,0.2553474664892099,4,4,23637,22758,879,24016,23055,False,0.3274956217162872,2,1
sample,legal-easy-25,False,DataflowSystemGPT52Latest7kSchemaOnly,DataflowSystemGPT52Latest5kSchemaOnly,U.S. Space Force,0.01513,0.014348,0.0007819999999999997,0.054502369668246425,4,4,23550,21637,1913,24135,22146,False,0.2538860103626943,2,1
sample,legal-easy-26,False,DataflowSystemGPT52Latest7kSchemaOnly,DataflowSystemGPT52Latest5kSchemaOnly,"['Arizona', 'California', 'Massachusetts', 'Ohio', 'Oklahoma', 'Rhode Island']",0.018108,0.018657,-0.0005490000000000009,-0.02942595272551862,5,5,33402,29535,3867,33933,30171,False,0.2011173184357542,3,2
sample,legal-easy-27,False,DataflowSystemGPT52Latest7kSchemaOnly,DataflowSystemGPT52Latest5kSchemaOnly,27,0.0165,0.014492,0.002008000000000001,0.13855920507866418,5,5,33411,29377,4034,33826,29764,False,0.7062761506276151,3,2
sample,legal-easy-4,False,DataflowSystemGPT52Latest7kSchemaOnly,DataflowSystemGPT52Latest5kSchemaOnly,2111635,0.014763,0.014044,0.0007190000000000009,0.0511962403873541,4,4,24655,21958,2697,25162,22434,False,0.3363042186571598,2,1
sample,legal-hard-17,False,DataflowSystemGPT52Latest7kSchemaOnly,DataflowSystemGPT52Latest5kSchemaOnly,32542,0.0278,0.038716,-0.010916000000000002,-0.281950614732927,7,9,45649,55589,-9940,46623,57065,False,0.3303324099722992,5,4
sample,legal-hard-22,False,DataflowSystemGPT52Latest7kSchemaOnly,DataflowSystemGPT52Latest5kSchemaOnly,0.0555,0.02601,0.026317,-0.0003070000000000017,-0.011665463388684186,7,7,49074,43859,5215,49996,44706,False,0.5478374836173001,5,4
sample,legal-hard-6,False,DataflowSystemGPT52Latest7kSchemaOnly,DataflowSystemGPT52Latest5kSchemaOnly,1.1413,0.017053,0.032703,-0.015650000000000004,-0.47854936855945945,5,5,28956,26809,2147,29593,27349,False,0.2902208201892745,3,2
sample,legal-hard-7,False,DataflowSystemGPT52Latest7kSchemaOnly,DataflowSystemGPT52Latest5kSchemaOnly,Bank Account,0.015565,0.015198,0.000367000000000001,0.024147914199236807,5,5,28926,26736,2190,29518,27302,False,0.39143426294820716,3,2
sample,wildfire-easy-1,True,DataflowSystemGPT52Latest7kSchemaOnly,DataflowSystemGPT52Latest5kSchemaOnly,7805421,0.038422,0.029043,0.009378999999999998,0.32293495850979576,8,6,53450,35940,17510,54654,36546,False,0.08478802992518704,3,1
sample,wildfire-easy-13,False,DataflowSystemGPT52Latest7kSchemaOnly,DataflowSystemGPT52Latest5kSchemaOnly,Great Basin Area,0.008802,0.008934,-0.00013199999999999844,-0.014775016789791633,4,4,21732,19846,1886,21977,20077,False,0.3409090909090909,2,1
sample,wildfire-easy-3,True,DataflowSystemGPT52Latest7kSchemaOnly,DataflowSystemGPT52Latest5kSchemaOnly,"['California', 'Nevada']",0.046418,0.028888,0.01753,0.6068263638881196,7,6,65734,48109,17625,66852,48954,False,0.22709424083769633,5,4
sample,wildfire-easy-8,False,DataflowSystemGPT52Latest7kSchemaOnly,DataflowSystemGPT52Latest5kSchemaOnly,Lightning,0.011208,0.01722,-0.006012,-0.3491289198606272,4,4,25062,22165,2897,25293,22410,False,0.9491525423728814,2,1
sample,wildfire-hard-10,False,DataflowSystemGPT52Latest7kSchemaOnly,DataflowSystemGPT52Latest5kSchemaOnly,Republican,0.025312,0.032985,-0.007672999999999999,-0.23262088828255265,6,6,49141,44850,4291,49760,45459,False,0.9856957087126138,6,4
sample,wildfire-hard-11,False,DataflowSystemGPT52Latest7kSchemaOnly,DataflowSystemGPT52Latest5kSchemaOnly,Wyoming,0.010467,0.011114,-0.000647,-0.05821486413532481,4,4,23255,21557,1698,23515,21845,False,0.1384083044982699,2,1
sample,wildfire-hard-20,True,DataflowSystemGPT52Latest7kSchemaOnly,DataflowSystemGPT52Latest5kSchemaOnly,0.0465,0.046743,0.032498,0.014245,0.438334666748723,7,7,56590,49708,6882,57391,50611,False,0.1517121803207629,5,3
mode,archeology-easy-10,False,DataflowSystemGPT52Delta5kSchemaOnly,DataflowSystemGPT52Latest5kSchemaOnly,Singapore,0.013021,0.012946,7.500000000000041e-05,0.005793295226324766,4,4,23314,24126,-812,23533,24339,False,0.9688888888888889,2,1
mode,archeology-easy-3,False,DataflowSystemGPT52Delta5kSchemaOnly,DataflowSystemGPT52Latest5kSchemaOnly,3.1333,0.013982,0.01401,-2.8000000000000247e-05,-0.001998572448251267,4,4,21865,22372,-507,22233,22765,False,0.3562300319488818,2,1
mode,archeology-easy-6,False,DataflowSystemGPT52Delta5kSchemaOnly,DataflowSystemGPT52Latest5kSchemaOnly,São Paulo,0.01139,0.011093,0.0002970000000000004,0.0267736410348869,4,4,21734,22494,-760,21962,22721,False,0.8973913043478261,2,1
mode,astronomy-easy-2,False,DataflowSystemGPT52Delta5kSchemaOnly,DataflowSystemGPT52Latest5kSchemaOnly,7.52,0.020389,0.023819,-0.003429999999999999,-0.1440026869306016,4,3,27635,20577,7058,28085,21175,False,0.50509461426492,3,2
mode,astronomy-easy-5,True,DataflowSystemGPT52Delta5kSchemaOnly,DataflowSystemGPT52Latest5kSchemaOnly,2,0.04928,0.043956,0.005323999999999995,0.12112112112112101,6,7,52528,52057,471,53730,53744,False,0.12008733624454149,4,3
mode,environment-easy-5,False,DataflowSystemGPT52Delta5kSchemaOnly,DataflowSystemGPT52Latest5kSchemaOnly,Ashburnham,0.029144,0.04937,-0.020225999999999997,-0.4096819931132266,4,4,40228,39853,375,40910,40529,False,0.5323435843054083,5,4
mode,legal-easy-10,False,DataflowSystemGPT52Delta5kSchemaOnly,DataflowSystemGPT52Latest5kSchemaOnly,"[2010, 2011, 2012, 2013, 2014, 2019]",0.020387,0.016955,0.0034319999999999976,0.202418165732822,5,5,28074,28388,-314,28613,29017,False,0.5225767609873571,3,2
mode,legal-easy-12,False,DataflowSystemGPT52Delta5kSchemaOnly,DataflowSystemGPT52Latest5kSchemaOnly,3,0.020681,0.020168,0.000513000000000003,0.025436334787782778,6,6,34549,34283,266,35178,34923,False,0.8732095490716181,3,2
mode,legal-easy-19,True,DataflowSystemGPT52Delta5kSchemaOnly,DataflowSystemGPT52Latest5kSchemaOnly,0.523,0.017271,0.012092,0.005179000000000001,0.4282997022825009,4,4,22837,21668,1169,23304,22012,False,0.150074294205052,2,1
mode,legal-easy-20,False,DataflowSystemGPT52Delta5kSchemaOnly,DataflowSystemGPT52Latest5kSchemaOnly,40,0.016687,0.015416,0.0012710000000000013,0.08244680851063839,5,5,28156,28321,-165,28694,28834,False,0.637910085054678,3,2
mode,legal-easy-26,False,DataflowSystemGPT52Delta5kSchemaOnly,DataflowSystemGPT52Latest5kSchemaOnly,"['Arizona', 'California', 'Massachusetts', 'Ohio', 'Oklahoma', 'Rhode Island']",0.019172,0.018657,0.0005150000000000016,0.027603580425577614,5,5,29325,29535,-210,29952,30171,False,0.45012285012285014,3,2
mode,legal-easy-27,False,DataflowSystemGPT52Delta5kSchemaOnly,DataflowSystemGPT52Latest5kSchemaOnly,27,0.016703,0.014492,0.0022109999999999994,0.15256693348054096,5,5,28914,29377,-463,29344,29764,False,0.5059288537549407,3,2
mode,legal-easy-3,False,DataflowSystemGPT52Delta5kSchemaOnly,DataflowSystemGPT52Latest5kSchemaOnly,13.1628,0.01718,0.018842,-0.0016620000000000003,-0.08820719668824967,5,5,28078,28346,-268,28589,28971,False,0.18657453109575517,3,2
mode,legal-easy-4,False,DataflowSystemGPT52Delta5kSchemaOnly,DataflowSystemGPT52Latest5kSchemaOnly,2111635,0.015463,0.014044,0.0014190000000000001,0.10103958986043864,4,4,21665,21958,-293,22135,22434,False,0.38493231312536785,2,1
mode,legal-easy-5,False,DataflowSystemGPT52Delta5kSchemaOnly,DataflowSystemGPT52Latest5kSchemaOnly,5435,0.014218,0.011308,0.0029099999999999994,0.25733993632826313,4,4,20080,20425,-345,20544,20782,False,0.12517580872011252,2,1
mode,legal-easy-9,False,DataflowSystemGPT52Delta5kSchemaOnly,DataflowSystemGPT52Latest5kSchemaOnly,2002,0.021577,0.016895,0.004681999999999999,0.2771234092926901,5,5,28085,27091,994,28794,27705,False,0.22545796148426492,3,2
mode,legal-hard-16,True,DataflowSystemGPT52Delta5kSchemaOnly,DataflowSystemGPT52Latest5kSchemaOnly,Delaware,0.027264,0.022042,0.005222000000000001,0.23691135105707292,5,5,32424,31538,886,33328,32223,False,0.14947245017584995,3,2
mode,legal-hard-17,False,DataflowSystemGPT52Delta5kSchemaOnly,DataflowSystemGPT52Latest5kSchemaOnly,32542,0.030247,0.038716,-0.008469,-0.21874677136067777,7,9,45692,55589,-9897,46677,57065,False,0.21257062146892655,5,4
mode,legal-hard-22,False,DataflowSystemGPT52Delta5kSchemaOnly,DataflowSystemGPT52Latest5kSchemaOnly,0.0555,0.026969,0.026317,0.0006519999999999998,0.024774860356423598,7,7,44873,43859,1014,45683,44706,False,0.34555415086388536,5,4
mode,legal-hard-28,False,DataflowSystemGPT52Delta5kSchemaOnly,DataflowSystemGPT52Latest5kSchemaOnly,Yes,0.037742,0.040955,-0.0032130000000000006,-0.07845195946770847,7,7,49141,50177,-1036,50547,51611,False,0.13649289099526066,6,6
mode,legal-hard-29,False,DataflowSystemGPT52Delta5kSchemaOnly,DataflowSystemGPT52Latest5kSchemaOnly,"Washington-Arlington-Alexandria, DC-VA-MD-WV Metropolitan Statistical Area",0.036335,0.036754,-0.0004190000000000027,-0.01140011971486104,6,8,45302,62695,-17393,46353,63805,False,0.3711162255466053,6,5
mode,legal-hard-30,False,DataflowSystemGPT52Delta5kSchemaOnly,DataflowSystemGPT52Latest5kSchemaOnly,No,0.03489,0.032634,0.002255999999999994,0.06913035484464038,6,6,44835,42293,2542,46014,43571,False,0.1480868665977249,5,4
mode,legal-hard-6,False,DataflowSystemGPT52Delta5kSchemaOnly,DataflowSystemGPT52Latest5kSchemaOnly,1.1413,0.01686,0.032703,-0.015843000000000003,-0.48445096780111924,5,5,26495,26809,-314,27037,27349,False,0.5851851851851851,3,2
mode,legal-hard-7,False,DataflowSystemGPT52Delta5kSchemaOnly,DataflowSystemGPT52Latest5kSchemaOnly,Bank Account,0.017713,0.015198,0.002515,0.1654823003026714,5,5,26912,26736,176,27578,27302,False,0.43482309124767227,3,2
mode,wildfire-easy-1,False,DataflowSystemGPT52Delta5kSchemaOnly,DataflowSystemGPT52Latest5kSchemaOnly,7805421,0.028506,0.029043,-0.0005369999999999993,-0.018489825431257077,6,6,37923,35940,1983,38502,36546,False,0.1396957123098202,3,1
mode,wildfire-easy-13,False,DataflowSystemGPT52Delta5kSchemaOnly,DataflowSystemGPT52Latest5kSchemaOnly,Great Basin Area,0.011197,0.008934,0.002263000000000001,0.2533019923886279,4,4,19299,19846,-547,19616,20077,False,0.2847754654983571,2,1
mode,wildfire-easy-15,False,DataflowSystemGPT52Delta5kSchemaOnly,DataflowSystemGPT52Latest5kSchemaOnly,No,0.018959,0.02035,-0.0013909999999999999,-0.06835380835380835,5,5,30194,30411,-217,30654,30972,False,0.48242811501597443,3,1
mode,wildfire-easy-3,True,DataflowSystemGPT52Delta5kSchemaOnly,DataflowSystemGPT52Latest5kSchemaOnly,"['California', 'Nevada']",0.036363,0.028888,0.007474999999999999,0.25875796178343946,7,6,57201,48109,9092,58293,48954,False,0.1778682959945689,5,4
mode,wildfire-easy-8,False,DataflowSystemGPT52Delta5kSchemaOnly,DataflowSystemGPT52Latest5kSchemaOnly,Lightning,0.011502,0.01722,-0.005717999999999999,-0.33205574912891983,4,4,21456,22165,-709,21698,22410,False,0.7775947281713345,2,1
mode,wildfire-hard-11,True,DataflowSystemGPT52Delta5kSchemaOnly,DataflowSystemGPT52Latest5kSchemaOnly,Wyoming,0.020038,0.011114,0.008924,0.8029512326795033,4,4,22676,21557,1119,22972,21845,False,0.16455696202531644,2,1
mode,wildfire-hard-16,False,DataflowSystemGPT52Delta5kSchemaOnly,DataflowSystemGPT52Latest5kSchemaOnly,"[6.326, 0.787]",0.024239,0.024542,-0.0003030000000000012,-0.012346182055252269,6,6,39681,42037,-2356,40297,42697,False,0.27722772277227725,4,2
mode,wildfire-hard-20,False,DataflowSystemGPT52Delta5kSchemaOnly,DataflowSystemGPT52Latest5kSchemaOnly,0.0465,0.030418,0.032498,-0.0020799999999999985,-0.0640039387039202,7,7,50468,49708,760,51185,50611,False,0.2765855984740105,5,3
info,archeology-easy-10,False,DataflowSystemGPT52LatestStats7kD2,DataflowSystemGPT52Latest7kSchemaOnly,Singapore,0.011888,0.010309,0.0015789999999999988,0.15316713551265873,4,4,26387,25259,1128,26573,25430,False,0.5281553398058253,2,1
info,archeology-easy-3,False,DataflowSystemGPT52LatestStats7kD2,DataflowSystemGPT52Latest7kSchemaOnly,3.1333,0.013636,0.018526,-0.00489,-0.2639533628414121,4,4,26285,25170,1115,26623,25579,False,0.41708542713567837,2,1
info,archeology-easy-6,False,DataflowSystemGPT52LatestStats7kD2,DataflowSystemGPT52Latest7kSchemaOnly,São Paulo,0.012856,0.011083,0.0017729999999999985,0.15997473608228804,4,4,26719,25333,1386,26947,25550,False,0.856687898089172,2,1
info,astronomy-easy-2,False,DataflowSystemGPT52LatestStats7kD2,DataflowSystemGPT52Latest7kSchemaOnly,7.52,0.019787,0.019334,0.00045299999999999854,0.023430226543912202,4,4,33334,32837,497,33763,33267,True,1.0,3,2
info,environment-easy-1,False,DataflowSystemGPT52LatestStats7kD2,DataflowSystemGPT52Latest7kSchemaOnly,4.796,0.011702,0.011127,0.0005750000000000009,0.051676103172463454,4,4,25599,24467,1132,25827,24709,False,0.8056042031523643,2,1
info,environment-easy-2,False,DataflowSystemGPT52LatestStats7kD2,DataflowSystemGPT52Latest7kSchemaOnly,"[2003, 2011, 2015, 2018, 2020, 2021, 2022, 2023]",0.023499,0.025915,-0.0024160000000000015,-0.09322786031256035,5,5,37327,35404,1923,37954,36156,False,0.11450381679389313,3,2
info,environment-easy-6,False,DataflowSystemGPT52LatestStats7kD2,DataflowSystemGPT52Latest7kSchemaOnly,5.14,0.015451,0.019824,-0.004373000000000002,-0.22059120258272807,4,4,27322,26003,1319,27732,26415,False,0.560639070442992,2,1
info,legal-easy-10,False,DataflowSystemGPT52LatestStats7kD2,DataflowSystemGPT52Latest7kSchemaOnly,"[2010, 2011, 2012, 2013, 2014, 2019]",0.019374,0.018599,0.0007749999999999979,0.04166890693048002,5,5,31698,30471,1227,32374,31173,False,0.5136804942630185,3,2
info,legal-easy-11,False,DataflowSystemGPT52LatestStats7kD2,DataflowSystemGPT52Latest7kSchemaOnly,No,0.013592,0.014901,-0.0013089999999999994,-0.08784645325817056,4,4,23655,23086,569,24117,23511,False,0.11187932118164676,2,1
info,legal-easy-12,False,DataflowSystemGPT52LatestStats7kD2,DataflowSystemGPT52Latest7kSchemaOnly,3,0.02063,0.019792,0.0008379999999999985,0.04234033953112361,6,6,37795,36822,973,38389,37449,False,0.5196765498652292,3,2
info,legal-easy-13,False,DataflowSystemGPT52LatestStats7kD2,DataflowSystemGPT52Latest7kSchemaOnly,1097.47,0.018921,0.025494,-0.006572999999999999,-0.257825370675453,6,6,37724,36675,1049,38248,37238,False,0.19615384615384615,3,2
info,legal-easy-19,False,DataflowSystemGPT52LatestStats7kD2,DataflowSystemGPT52Latest7kSchemaOnly,0.523,0.013,0.011758,0.001242,0.10563020921925499,4,4,23899,23375,524,24317,23741,False,0.3465346534653465,2,1
info,legal-easy-20,False,DataflowSystemGPT52LatestStats7kD2,DataflowSystemGPT52Latest7kSchemaOnly,40,0.016651,0.016194,0.0004569999999999991,0.028220328516734536,5,5,31574,30441,1133,32071,30975,False,0.7848251333728512,3,2
info,legal-easy-25,False,DataflowSystemGPT52LatestStats7kD2,DataflowSystemGPT52Latest7kSchemaOnly,U.S. Space Force,0.014461,0.01513,-0.0006689999999999995,-0.04421678783873097,4,4,24436,23550,886,24920,24135,False,0.2633672116659302,2,1
info,legal-easy-26,False,DataflowSystemGPT52LatestStats7kD2,DataflowSystemGPT52Latest7kSchemaOnly,"['Arizona', 'California', 'Massachusetts', 'Ohio', 'Oklahoma', 'Rhode Island']",0.019218,0.018108,0.0011099999999999999,0.061298873426110005,5,5,34548,33402,1146,35087,33933,False,0.3719806763285024,3,2
info,legal-easy-27,False,DataflowSystemGPT52LatestStats7kD2,DataflowSystemGPT52Latest7kSchemaOnly,27,0.018205,0.0165,0.0017049999999999982,0.10333333333333322,5,5,34433,33411,1022,34914,33826,False,0.18361955085865259,3,2
info,legal-easy-4,False,DataflowSystemGPT52LatestStats7kD2,DataflowSystemGPT52Latest7kSchemaOnly,2111635,0.014768,0.014763,4.999999999999796e-06,0.0003386845492108512,4,4,25261,24655,606,25707,25162,False,0.43434343434343436,2,1
info,legal-hard-14,False,DataflowSystemGPT52LatestStats7kD2,DataflowSystemGPT52Latest7kSchemaOnly,"['Boston-Cambridge-Newton, MA-NH Metropolitan Statistical Area', 'Providence-Warwick, RI-MA Metropolitan Statistical Area', 'Hartford-West Hartford-East Hartford, CT Metropolitan Statistical Area', 'Bridgeport-Stamford-Danbury, CT Metropolitan Statistical Area', 'Worcester, MA Metropolitan Statistical Area']",0.028032,0.031232,-0.003199999999999998,-0.10245901639344256,5,5,35628,34879,749,36748,36062,False,0.09690039121275955,4,3
info,legal-hard-16,False,DataflowSystemGPT52LatestStats7kD2,DataflowSystemGPT52Latest7kSchemaOnly,Delaware,0.027912,0.026812,0.0011000000000000003,0.041026406086826804,6,6,45062,45049,13,45959,45869,False,0.32390745501285345,4,3
info,legal-hard-17,False,DataflowSystemGPT52LatestStats7kD2,DataflowSystemGPT52Latest7kSchemaOnly,32542,0.025798,0.0278,-0.002001999999999997,-0.07201438848920852,7,7,46548,45649,899,47425,46623,False,0.17490223960184856,5,4
info,legal-hard-22,True,DataflowSystemGPT52LatestStats7kD2,DataflowSystemGPT52Latest7kSchemaOnly,0.0555,0.032759,0.02601,0.006749000000000005,0.2594771241830067,7,7,54076,49074,5002,55042,49996,False,0.1619640894100403,5,4
info,legal-hard-24,False,DataflowSystemGPT52LatestStats7kD2,DataflowSystemGPT52Latest7kSchemaOnly,"Los Angeles-Long Beach-Anaheim, CA Metropolitan Statistical Area",0.051406,0.053809,-0.0024030000000000024,-0.044657956847367584,8,8,71159,70705,454,72992,72536,False,0.19922341696535245,7,6
info,legal-hard-6,False,DataflowSystemGPT52LatestStats7kD2,DataflowSystemGPT52Latest7kSchemaOnly,1.1413,0.018079,0.017053,0.0010260000000000026,0.06016536679763107,5,5,30091,28956,1135,30717,29593,False,0.11464397671294223,3,2
info,legal-hard-7,False,DataflowSystemGPT52LatestStats7kD2,DataflowSystemGPT52Latest7kSchemaOnly,Bank Account,0.017782,0.015565,0.0022169999999999985,0.1424349502088017,5,5,30211,28926,1285,30844,29518,False,0.17358490566037735,3,2
info,legal-hard-8,False,DataflowSystemGPT52LatestStats7kD2,DataflowSystemGPT52Latest7kSchemaOnly,True,0.01513,0.013752,0.001377999999999999,0.1002036067481093,4,4,25636,24980,656,25917,25259,True,1.0,2,0
info,wildfire-easy-15,False,DataflowSystemGPT52LatestStats7kD2,DataflowSystemGPT52Latest7kSchemaOnly,No,0.037399,0.034278,0.0031209999999999988,0.0910496528385553,4,4,35089,28221,6868,35635,29417,False,0.2915155910079768,4,2
info,wildfire-easy-2,False,DataflowSystemGPT52LatestStats7kD2,DataflowSystemGPT52Latest7kSchemaOnly,EACC,0.052463,0.058712,-0.006248999999999998,-0.10643480038152332,8,8,93401,85068,8333,94502,86361,False,0.45981173062997827,5,4
info,wildfire-easy-8,False,DataflowSystemGPT52LatestStats7kD2,DataflowSystemGPT52Latest7kSchemaOnly,Lightning,0.013908,0.011208,0.002700000000000001,0.24089935760171316,4,4,29077,25062,4015,29287,25293,False,0.3237410071942446,2,1
info,wildfire-hard-11,False,DataflowSystemGPT52LatestStats7kD2,DataflowSystemGPT52Latest7kSchemaOnly,Wyoming,0.010999,0.010467,0.0005319999999999995,0.05082640680233108,4,4,23869,23255,614,24119,23515,False,0.21287779237844942,2,1
info,wildfire-hard-20,False,DataflowSystemGPT52LatestStats7kD2,DataflowSystemGPT52Latest7kSchemaOnly,0.0465,0.042604,0.046743,-0.004138999999999997,-0.08854801788503085,7,7,72945,56590,16355,73710,57391,False,0.20907297830374755,5,3
mode,archeology-easy-10,True,DataflowSystemGPT52DeltaStats7kD2,DataflowSystemGPT52LatestStats7kD2,Singapore,0.023192,0.011888,0.011304000000000002,0.9508748317631227,4,4,28430,26387,2043,28664,26573,False,0.6847662141779789,2,1
mode,archeology-easy-3,False,DataflowSystemGPT52DeltaStats7kD2,DataflowSystemGPT52LatestStats7kD2,3.1333,0.015185,0.013636,0.001549,0.11359636256966853,4,4,26298,26285,13,26673,26623,False,0.7802768166089965,2,1
mode,archeology-easy-4,False,DataflowSystemGPT52DeltaStats7kD2,DataflowSystemGPT52LatestStats7kD2,207878.8774,0.045636,0.050752,-0.0051159999999999956,-0.10080390920554846,7,8,81337,93593,-12256,82076,94447,False,0.1225296442687747,5,3
mode,archeology-easy-6,True,DataflowSystemGPT52DeltaStats7kD2,DataflowSystemGPT52LatestStats7kD2,São Paulo,0.018908,0.012856,0.006052000000000002,0.4707529558182951,4,4,26240,26719,-479,26485,26947,False,0.3286384976525822,2,1
mode,astronomy-easy-2,False,DataflowSystemGPT52DeltaStats7kD2,DataflowSystemGPT52LatestStats7kD2,7.52,0.022313,0.019787,0.0025260000000000005,0.12765957446808512,4,4,33872,33334,538,34371,33763,False,0.45318352059925093,3,2
mode,astronomy-easy-5,False,DataflowSystemGPT52DeltaStats7kD2,DataflowSystemGPT52LatestStats7kD2,2,0.037991,0.041783,-0.0037920000000000037,-0.09075461312016858,5,5,49058,49759,-701,50233,50786,False,0.18129358018754507,3,2
mode,environment-easy-1,False,DataflowSystemGPT52DeltaStats7kD2,DataflowSystemGPT52LatestStats7kD2,4.796,0.012791,0.011702,0.0010889999999999997,0.093061015211075,4,4,25413,25599,-186,25670,25827,False,0.6702317290552585,2,1
mode,environment-easy-2,False,DataflowSystemGPT52DeltaStats7kD2,DataflowSystemGPT52LatestStats7kD2,"[2003, 2011, 2015, 2018, 2020, 2021, 2022, 2023]",0.025701,0.023499,0.0022020000000000026,0.09370611515383645,5,5,37403,37327,76,38221,37954,False,0.2587601078167116,3,2
mode,environment-easy-5,False,DataflowSystemGPT52DeltaStats7kD2,DataflowSystemGPT52LatestStats7kD2,Ashburnham,0.038345,0.033751,0.004593999999999994,0.13611448549672583,4,4,48345,46952,1393,49188,47641,False,0.1267545725223309,5,4
mode,environment-easy-6,False,DataflowSystemGPT52DeltaStats7kD2,DataflowSystemGPT52LatestStats7kD2,5.14,0.017014,0.015451,0.0015630000000000019,0.10115850106789218,4,4,27284,27322,-38,27724,27732,False,0.5283560660445082,2,1
mode,environment-hard-13,True,DataflowSystemGPT52DeltaStats7kD2,DataflowSystemGPT52LatestStats7kD2,11,0.105699,0.020484,0.085215,4.160076157000586,9,5,82497,38185,44312,85250,38835,False,0.09951365506921063,3,2
mode,environment-hard-19,False,DataflowSystemGPT52DeltaStats7kD2,DataflowSystemGPT52LatestStats7kD2,False,0.045755,0.049045,-0.0032900000000000013,-0.06708125191150986,4,4,44296,46034,-1738,45656,47455,False,0.06856221012300867,8,7
mode,legal-easy-10,False,DataflowSystemGPT52DeltaStats7kD2,DataflowSystemGPT52LatestStats7kD2,"[2010, 2011, 2012, 2013, 2014, 2019]",0.020758,0.019374,0.0013839999999999998,0.07143594508103643,5,5,32412,31698,714,33112,32374,False,0.21396117306897977,3,2
mode,legal-easy-12,False,DataflowSystemGPT52DeltaStats7kD2,DataflowSystemGPT52LatestStats7kD2,3,0.022591,0.02063,0.001961000000000001,0.09505574406204562,6,6,38831,37795,1036,39522,38389,False,0.2879005260640842,3,2
mode,legal-easy-13,False,DataflowSystemGPT52DeltaStats7kD2,DataflowSystemGPT52LatestStats7kD2,1097.47,0.019905,0.018921,0.0009839999999999988,0.05200570794355471,6,6,37848,37724,124,38398,38248,False,0.24983299933199732,3,2
mode,legal-easy-20,False,DataflowSystemGPT52DeltaStats7kD2,DataflowSystemGPT52LatestStats7kD2,40,0.020343,0.016651,0.003692000000000001,0.22172842471923615,5,5,32044,31574,470,32602,32071,False,0.6417410714285714,3,2
mode,legal-easy-21,False,DataflowSystemGPT52DeltaStats7kD2,DataflowSystemGPT52LatestStats7kD2,16589,0.02106,0.018286,0.0027739999999999987,0.15170075467570812,5,5,34730,34014,716,35349,34510,False,0.4997217584863662,3,2
mode,legal-easy-25,False,DataflowSystemGPT52DeltaStats7kD2,DataflowSystemGPT52LatestStats7kD2,U.S. Space Force,0.018099,0.014461,0.0036380000000000006,0.25157319687435176,4,4,25035,24436,599,25632,24920,False,0.2575503355704698,2,1
mode,legal-easy-26,False,DataflowSystemGPT52DeltaStats7kD2,DataflowSystemGPT52LatestStats7kD2,"['Arizona', 'California', 'Massachusetts', 'Ohio', 'Oklahoma', 'Rhode Island']",0.022164,0.019218,0.0029460000000000007,0.1532937870746176,5,5,35155,34548,607,35843,35087,False,0.36706135629709363,3,2
mode,legal-easy-27,False,DataflowSystemGPT52DeltaStats7kD2,DataflowSystemGPT52LatestStats7kD2,27,0.018048,0.018205,-0.00015699999999999742,-0.008624004394397002,5,5,34521,34433,88,34951,34914,False,0.08806636885768986,3,2
mode,legal-easy-3,False,DataflowSystemGPT52DeltaStats7kD2,DataflowSystemGPT52LatestStats7kD2,13.1628,0.019384,0.019663,-0.00027900000000000147,-0.01418908610079853,5,5,32200,30919,1281,32814,31569,False,0.07946428571428571,3,2
mode,legal-easy-4,False,DataflowSystemGPT52DeltaStats7kD2,DataflowSystemGPT52LatestStats7kD2,2111635,0.015261,0.014768,0.0004930000000000004,0.03338299024918746,4,4,25314,25261,53,25731,25707,False,0.35588633288227334,2,1
mode,legal-easy-9,False,DataflowSystemGPT52DeltaStats7kD2,DataflowSystemGPT52LatestStats7kD2,2002,0.018377,0.016702,0.0016749999999999994,0.10028739073164886,5,5,30434,29963,471,31024,30521,False,0.28857293312269616,3,2
mode,legal-hard-14,True,DataflowSystemGPT52DeltaStats7kD2,DataflowSystemGPT52LatestStats7kD2,"['Boston-Cambridge-Newton, MA-NH Metropolitan Statistical Area', 'Providence-Warwick, RI-MA Metropolitan Statistical Area', 'Hartford-West Hartford-East Hartford, CT Metropolitan Statistical Area', 'Bridgeport-Stamford-Danbury, CT Metropolitan Statistical Area', 'Worcester, MA Metropolitan Statistical Area']",0.044325,0.028032,0.016293000000000002,0.581228595890411,5,5,37186,35628,1558,38339,36748,False,0.1035184646699622,4,3
mode,legal-hard-17,True,DataflowSystemGPT52DeltaStats7kD2,DataflowSystemGPT52LatestStats7kD2,32542,0.031678,0.025798,0.005879999999999996,0.22792464532134257,7,7,50092,46548,3544,51162,47425,False,0.12955465587044535,5,4
mode,legal-hard-22,True,DataflowSystemGPT52DeltaStats7kD2,DataflowSystemGPT52LatestStats7kD2,0.0555,0.053563,0.032759,0.020803999999999996,0.6350621203333433,7,7,54670,54076,594,55795,55042,False,0.14696312364425163,5,4
mode,legal-hard-23,False,DataflowSystemGPT52DeltaStats7kD2,DataflowSystemGPT52LatestStats7kD2,District of Columbia,0.042727,0.038268,0.004458999999999998,0.11652033030207999,7,7,59686,55061,4625,60994,56355,False,0.21457015694542048,5,4
mode,legal-hard-28,False,DataflowSystemGPT52DeltaStats7kD2,DataflowSystemGPT52LatestStats7kD2,Yes,0.034975,0.030556,0.004418999999999999,0.14461971462233275,6,7,45040,51408,-6368,46113,52363,False,0.14706740589436826,5,4
mode,legal-hard-6,True,DataflowSystemGPT52DeltaStats7kD2,DataflowSystemGPT52LatestStats7kD2,1.1413,0.057143,0.018079,0.039064,2.1607389789258256,9,5,63906,30091,33815,66105,30717,False,0.12294768995799923,3,2
mode,legal-hard-7,False,DataflowSystemGPT52DeltaStats7kD2,DataflowSystemGPT52LatestStats7kD2,Bank Account,0.018745,0.017782,0.000963000000000002,0.05415588797660567,5,5,30806,30211,595,31419,30844,False,0.3785517873510541,3,2
mode,wildfire-easy-1,True,DataflowSystemGPT52DeltaStats7kD2,DataflowSystemGPT52LatestStats7kD2,7805421,0.042716,0.036148,0.0065679999999999975,0.18169746597322115,8,9,67430,66051,1379,68662,67087,False,0.10807565295706995,5,2
mode,wildfire-easy-15,True,DataflowSystemGPT52DeltaStats7kD2,DataflowSystemGPT52LatestStats7kD2,No,0.045359,0.037399,0.007959999999999995,0.21283991550576203,6,4,54558,35089,19469,55111,35635,False,0.31561461794019935,4,2
mode,wildfire-easy-2,False,DataflowSystemGPT52DeltaStats7kD2,DataflowSystemGPT52LatestStats7kD2,EACC,0.044964,0.052463,-0.007499000000000006,-0.1429388330823629,7,8,78121,93401,-15280,79142,94502,False,0.13514506059493206,5,4
mode,wildfire-easy-8,False,DataflowSystemGPT52DeltaStats7kD2,DataflowSystemGPT52LatestStats7kD2,Lightning,0.014373,0.013908,0.00046500000000000014,0.03343399482312339,4,4,28786,29077,-291,29008,29287,False,0.9046728971962616,2,1
mode,wildfire-hard-11,False,DataflowSystemGPT52DeltaStats7kD2,DataflowSystemGPT52LatestStats7kD2,Wyoming,0.012796,0.010999,0.001797,0.16337848895354123,4,4,23832,23869,-37,24143,24119,False,0.07731958762886598,2,1
mode,wildfire-hard-16,False,DataflowSystemGPT52DeltaStats7kD2,DataflowSystemGPT52LatestStats7kD2,"[6.326, 0.787]",0.034505,0.032535,0.0019699999999999995,0.06055017673274933,6,6,54186,53110,1076,54831,53720,False,0.4538904899135447,4,2
mode,wildfire-hard-20,True,DataflowSystemGPT52DeltaStats7kD2,DataflowSystemGPT52LatestStats7kD2,0.0465,0.04951,0.042604,0.0069059999999999955,0.16209745563796815,7,7,74861,72945,1916,75923,73710,False,0.04230118443316413,5,3
mode,archeology-easy-10,True,DataflowSystemGPT52Delta7kSchemaOnly,DataflowSystemGPT52Latest7kSchemaOnly,Singapore,0.015512,0.010309,0.005202999999999999,0.5047046270249296,4,4,27563,25259,2304,27760,25430,False,0.42513863216266173,2,1
mode,archeology-easy-3,False,DataflowSystemGPT52Delta7kSchemaOnly,DataflowSystemGPT52Latest7kSchemaOnly,3.1333,0.013753,0.018526,-0.004773000000000001,-0.2576379142826299,4,4,25219,25170,49,25641,25579,False,0.41348973607038125,2,1
mode,archeology-easy-6,False,DataflowSystemGPT52Delta7kSchemaOnly,DataflowSystemGPT52Latest7kSchemaOnly,São Paulo,0.012092,0.011083,0.0010089999999999995,0.0910403320400613,4,4,25217,25333,-116,25463,25550,False,0.8850931677018633,2,1
mode,astronomy-easy-1,False,DataflowSystemGPT52Delta7kSchemaOnly,DataflowSystemGPT52Latest7kSchemaOnly,15,0.065582,0.071544,-0.005961999999999995,-0.08333333333333327,7,9,52786,57727,-4941,56085,61511,False,0.03541453428863869,9,8
mode,astronomy-easy-2,False,DataflowSystemGPT52Delta7kSchemaOnly,DataflowSystemGPT52Latest7kSchemaOnly,7.52,0.022022,0.019334,0.0026879999999999994,0.13902968863142648,4,4,33173,32837,336,33681,33267,False,0.43880326382592927,3,2
mode,astronomy-easy-6,False,DataflowSystemGPT52Delta7kSchemaOnly,DataflowSystemGPT52Latest7kSchemaOnly,"[0.0193, -0.0020]",0.03389,0.049461,-0.015570999999999995,-0.3148136915953983,4,4,36332,36758,-426,37408,37813,False,0.25857338820301784,5,4
mode,legal-easy-10,False,DataflowSystemGPT52Delta7kSchemaOnly,DataflowSystemGPT52Latest7kSchemaOnly,"[2010, 2011, 2012, 2013, 2014, 2019]",0.020497,0.018599,0.0018980000000000004,0.10204849723103394,5,5,31231,30471,760,31988,31173,False,0.8487641390867198,3,2
mode,legal-easy-12,False,DataflowSystemGPT52Delta7kSchemaOnly,DataflowSystemGPT52Latest7kSchemaOnly,3,0.022583,0.019792,0.0027909999999999983,0.14101657235246556,6,6,38066,36822,1244,38780,37449,False,0.19922630560928434,3,2
mode,legal-easy-13,False,DataflowSystemGPT52Delta7kSchemaOnly,DataflowSystemGPT52Latest7kSchemaOnly,1097.47,0.021367,0.025494,-0.004126999999999999,-0.161881226955362,6,6,37394,36675,719,38062,37238,False,0.13655913978494624,3,2
mode,legal-easy-19,False,DataflowSystemGPT52Delta7kSchemaOnly,DataflowSystemGPT52Latest7kSchemaOnly,0.523,0.015694,0.011758,0.003936,0.3347508079605375,4,4,23725,23375,350,24242,23741,False,0.18579234972677597,2,1
mode,legal-easy-20,False,DataflowSystemGPT52Delta7kSchemaOnly,DataflowSystemGPT52Latest7kSchemaOnly,40,0.017106,0.016194,0.0009119999999999996,0.05631715450166726,5,5,30839,30441,398,31374,30975,False,0.8859447004608295,3,2
mode,legal-easy-25,False,DataflowSystemGPT52Delta7kSchemaOnly,DataflowSystemGPT52Latest7kSchemaOnly,U.S. Space Force,0.014805,0.01513,-0.0003249999999999989,-0.021480502313284792,4,4,23855,23550,305,24321,24135,False,0.25308359981726813,2,1
mode,legal-easy-26,False,DataflowSystemGPT52Delta7kSchemaOnly,DataflowSystemGPT52Latest7kSchemaOnly,"['Arizona', 'California', 'Massachusetts', 'Ohio', 'Oklahoma', 'Rhode Island']",0.019093,0.018108,0.0009849999999999998,0.054395847139385896,5,5,33560,33402,158,34084,33933,False,0.2832065535400819,3,2
mode,legal-easy-27,False,DataflowSystemGPT52Delta7kSchemaOnly,DataflowSystemGPT52Latest7kSchemaOnly,27,0.017367,0.0165,0.0008669999999999997,0.05254545454545453,5,5,33607,33411,196,34045,33826,False,0.0745814307458143,3,2
mode,legal-easy-4,False,DataflowSystemGPT52Delta7kSchemaOnly,DataflowSystemGPT52Latest7kSchemaOnly,2111635,0.01548,0.014763,0.0007170000000000006,0.04856736435683808,4,4,24820,24655,165,25300,25162,False,0.38854296388542964,2,1
mode,legal-hard-17,False,DataflowSystemGPT52Delta7kSchemaOnly,DataflowSystemGPT52Latest7kSchemaOnly,32542,0.029497,0.0278,0.0016970000000000006,0.06104316546762593,6,7,42849,45649,-2800,43819,46623,False,0.20507682030728122,5,4
mode,legal-hard-22,True,DataflowSystemGPT52Delta7kSchemaOnly,DataflowSystemGPT52Latest7kSchemaOnly,0.0555,0.038093,0.02601,0.012083000000000003,0.4645520953479433,7,7,54737,49074,5663,55627,49996,False,0.17248295226634577,5,4
mode,legal-hard-24,True,DataflowSystemGPT52Delta7kSchemaOnly,DataflowSystemGPT52Latest7kSchemaOnly,"Los Angeles-Long Beach-Anaheim, CA Metropolitan Statistical Area",0.066454,0.053809,0.012644999999999997,0.23499786281105384,8,8,79726,70705,9021,82067,72536,False,0.1525607303110011,7,6
mode,legal-hard-28,False,DataflowSystemGPT52Delta7kSchemaOnly,DataflowSystemGPT52Latest7kSchemaOnly,Yes,0.019764,0.018702,0.0010620000000000004,0.05678537054860445,5,5,33921,33322,599,34419,33819,False,0.7241647241647242,3,1
mode,legal-hard-6,False,DataflowSystemGPT52Delta7kSchemaOnly,DataflowSystemGPT52Latest7kSchemaOnly,1.1413,0.017249,0.017053,0.00019600000000000173,0.011493578842432519,5,5,29455,28956,499,30058,29593,False,0.13,3,2
mode,legal-hard-7,True,DataflowSystemGPT52Delta7kSchemaOnly,DataflowSystemGPT52Latest7kSchemaOnly,Bank Account,0.0334,0.015565,0.017834999999999997,1.1458400256986827,7,5,44332,28926,15406,45741,29518,False,0.09158960810215765,3,2
mode,wildfire-easy-1,False,DataflowSystemGPT52Delta7kSchemaOnly,DataflowSystemGPT52Latest7kSchemaOnly,7805421,0.028565,0.038422,-0.009856999999999998,-0.25654572900942163,6,8,42734,53450,-10716,43407,54654,False,0.11582213029989659,3,1
mode,wildfire-easy-13,False,DataflowSystemGPT52Delta7kSchemaOnly,DataflowSystemGPT52Latest7kSchemaOnly,Great Basin Area,0.009614,0.008802,0.0008119999999999985,0.09225176096341722,4,4,21385,21732,-347,21645,21977,False,0.42803504380475593,2,1
mode,wildfire-easy-8,False,DataflowSystemGPT52Delta7kSchemaOnly,DataflowSystemGPT52Latest7kSchemaOnly,Lightning,0.011647,0.011208,0.00043900000000000015,0.03916845110635262,4,4,24817,25062,-245,25038,25293,False,0.8447653429602888,2,1
mode,wildfire-hard-11,False,DataflowSystemGPT52Delta7kSchemaOnly,DataflowSystemGPT52Latest7kSchemaOnly,Wyoming,0.011916,0.010467,0.001448999999999999,0.13843508168529653,4,4,23246,23255,-9,23553,23515,False,0.11904761904761904,2,1
mode,wildfire-hard-12,False,DataflowSystemGPT52Delta7kSchemaOnly,DataflowSystemGPT52Latest7kSchemaOnly,No,0.014719,0.011838,0.002881,0.2433688122993749,4,4,25497,25302,195,25838,25548,False,0.4504692387904067,2,1
info,archeology-easy-10,False,DataflowSystemGPT52DeltaStats3kD2,DataflowSystemGPT52Delta3kSchemaOnly,Singapore,0.012538,0.009512,0.003026000000000001,0.31812447434819185,4,4,24718,22648,2070,24943,22858,False,0.6308139534883721,2,1
info,archeology-easy-3,False,DataflowSystemGPT52DeltaStats3kD2,DataflowSystemGPT52Delta3kSchemaOnly,3.1333,0.013425,0.013991,-0.0005660000000000005,-0.04045457794296337,4,4,24145,23217,928,24505,23647,False,0.380292532717475,2,1
info,archeology-easy-6,False,DataflowSystemGPT52DeltaStats3kD2,DataflowSystemGPT52Delta3kSchemaOnly,São Paulo,0.011887,0.012448,-0.0005610000000000007,-0.0450674807197944,4,4,24076,24158,-82,24306,24389,False,0.7370184254606366,2,1
info,astronomy-easy-2,False,DataflowSystemGPT52DeltaStats3kD2,DataflowSystemGPT52Delta3kSchemaOnly,7.52,0.01711,0.01626,0.0008500000000000001,0.05227552275522756,4,4,27513,26776,737,27960,27240,False,0.4727272727272727,3,2
info,astronomy-easy-5,True,DataflowSystemGPT52DeltaStats3kD2,DataflowSystemGPT52Delta3kSchemaOnly,2,0.043443,0.026448,0.016995000000000003,0.6425816696914702,6,5,48338,36833,11505,50050,37718,False,0.07922310247891644,3,2
info,biomedical-hard-3,True,DataflowSystemGPT52DeltaStats3kD2,DataflowSystemGPT52Delta3kSchemaOnly,60,0.05108,0.039095,0.011985000000000003,0.30656094129684114,8,8,79955,62033,17922,80910,63105,False,0.3764705882352941,5,3
info,environment-easy-1,True,DataflowSystemGPT52DeltaStats3kD2,DataflowSystemGPT52Delta3kSchemaOnly,4.796,0.018956,0.010501,0.008455,0.805161413198743,4,4,23584,22420,1164,23862,22686,False,0.8836524300441826,2,1
info,environment-easy-5,False,DataflowSystemGPT52DeltaStats3kD2,DataflowSystemGPT52Delta3kSchemaOnly,Ashburnham,0.027662,0.024816,0.002845999999999998,0.11468407479045768,4,4,36682,33336,3346,37399,34052,False,0.5911282545805208,5,4
info,legal-easy-10,False,DataflowSystemGPT52DeltaStats3kD2,DataflowSystemGPT52Delta3kSchemaOnly,"[2010, 2011, 2012, 2013, 2014, 2019]",0.019598,0.02056,-0.0009619999999999976,-0.04678988326848238,5,5,31637,30758,879,32279,31521,False,0.33768572714993245,3,2
info,legal-easy-11,False,DataflowSystemGPT52DeltaStats3kD2,DataflowSystemGPT52Delta3kSchemaOnly,No,0.017931,0.017062,0.0008689999999999982,0.05093189544015932,5,5,31627,30460,1167,32180,30996,False,0.6223433242506812,3,2
info,legal-easy-12,False,DataflowSystemGPT52DeltaStats3kD2,DataflowSystemGPT52Delta3kSchemaOnly,3,0.022432,0.021031,0.0014009999999999995,0.06661594788645331,6,6,37882,36805,1077,38565,37465,False,0.44697720515361744,3,2
info,legal-easy-13,False,DataflowSystemGPT52DeltaStats3kD2,DataflowSystemGPT52Delta3kSchemaOnly,1097.47,0.020555,0.020703,-0.00014799999999999883,-0.007148722407380516,6,6,37602,35995,1607,38186,36632,False,0.1878238341968912,3,2
info,legal-easy-20,False,DataflowSystemGPT52DeltaStats3kD2,DataflowSystemGPT52Delta3kSchemaOnly,40,0.020187,0.018049,0.002138000000000001,0.11845531608399364,5,5,31836,29325,2511,32524,29987,False,0.30089374379344586,3,2
info,legal-easy-21,False,DataflowSystemGPT52DeltaStats3kD2,DataflowSystemGPT52Delta3kSchemaOnly,16589,0.017077,0.018419,-0.001342000000000003,-0.0728595472066889,5,5,30896,30173,723,31393,30813,False,0.6127348643006263,3,2
info,legal-easy-25,True,DataflowSystemGPT52DeltaStats3kD2,DataflowSystemGPT52Delta3kSchemaOnly,U.S. Space Force,0.026013,0.018506,0.007507,0.40565222090132924,6,5,39700,30450,9250,40570,31076,False,0.2729389846297159,3,2
info,legal-easy-26,False,DataflowSystemGPT52DeltaStats3kD2,DataflowSystemGPT52Delta3kSchemaOnly,"['Arizona', 'California', 'Massachusetts', 'Ohio', 'Oklahoma', 'Rhode Island']",0.019974,0.018186,0.001787999999999998,0.09831738700098966,5,5,31660,30141,1519,32326,30754,False,0.33678756476683935,3,2
info,legal-easy-27,False,DataflowSystemGPT52DeltaStats3kD2,DataflowSystemGPT52Delta3kSchemaOnly,27,0.015181,0.015995,-0.0008139999999999988,-0.05089090340731471,5,5,30835,30001,834,31233,30475,False,0.19986120749479527,3,2
info,legal-easy-3,False,DataflowSystemGPT52DeltaStats3kD2,DataflowSystemGPT52Delta3kSchemaOnly,13.1628,0.01764,0.018321,-0.000681000000000001,-0.03717046012772234,5,5,31440,30615,825,31938,31236,False,0.4123819517313746,3,2
info,legal-easy-5,False,DataflowSystemGPT52DeltaStats3kD2,DataflowSystemGPT52Delta3kSchemaOnly,5435,0.017796,0.019255,-0.001459000000000002,-0.07577252661646336,5,5,29779,29358,421,30395,30102,False,0.1969098095580309,3,2
info,legal-easy-9,False,DataflowSystemGPT52DeltaStats3kD2,DataflowSystemGPT52Delta3kSchemaOnly,2002,0.017593,0.020942,-0.003348999999999998,-0.15991786839843367,5,5,29975,30610,-635,30552,31318,False,0.27398444252376836,3,2
info,legal-hard-22,True,DataflowSystemGPT52DeltaStats3kD2,DataflowSystemGPT52Delta3kSchemaOnly,0.0555,0.041881,0.031675,0.010206,0.3222099447513812,7,7,48319,45745,2574,49245,46667,False,0.14237743451981194,5,4
info,legal-hard-30,True,DataflowSystemGPT52DeltaStats3kD2,DataflowSystemGPT52Delta3kSchemaOnly,No,0.049202,0.036106,0.013096000000000003,0.36270979892538646,5,7,41184,52483,-11299,43208,53844,False,0.12254831782390838,6,5
info,legal-hard-6,False,DataflowSystemGPT52DeltaStats3kD2,DataflowSystemGPT52Delta3kSchemaOnly,1.1413,0.019619,0.018981,0.0006379999999999997,0.033612559928349384,5,5,30774,29622,1152,31439,30299,False,0.32277144064216307,3,2
info,legal-hard-7,False,DataflowSystemGPT52DeltaStats3kD2,DataflowSystemGPT52Delta3kSchemaOnly,Bank Account,0.019452,0.028077,-0.008625,-0.3071909392029063,5,6,31026,37217,-6191,31662,38372,False,0.10333863275039745,3,2
info,wildfire-easy-13,False,DataflowSystemGPT52DeltaStats3kD2,DataflowSystemGPT52Delta3kSchemaOnly,Great Basin Area,0.011393,0.010103,0.0012900000000000012,0.12768484608532132,4,4,21675,21405,270,21997,21683,False,0.2918454935622318,2,1
info,wildfire-easy-8,False,DataflowSystemGPT52DeltaStats3kD2,DataflowSystemGPT52Delta3kSchemaOnly,Lightning,0.014443,0.010786,0.003656999999999999,0.33905062117559787,4,4,26957,23056,3901,27211,23306,False,0.2459016393442623,2,1
info,wildfire-hard-11,False,DataflowSystemGPT52DeltaStats3kD2,DataflowSystemGPT52Delta3kSchemaOnly,Wyoming,0.011643,0.014827,-0.0031839999999999993,-0.21474337357523432,4,4,23029,22439,590,23286,22810,False,0.47503045066991473,2,1
info,wildfire-hard-16,True,DataflowSystemGPT52DeltaStats3kD2,DataflowSystemGPT52Delta3kSchemaOnly,"[6.326, 0.787]",0.032453,0.027127,0.005326000000000004,0.19633575404578482,7,7,56914,48063,8851,57633,48932,False,0.15226586102719034,5,3
info,wildfire-hard-20,True,DataflowSystemGPT52DeltaStats3kD2,DataflowSystemGPT52Delta3kSchemaOnly,0.0465,0.041151,0.031453,0.009697999999999998,0.3083330683877531,7,7,64745,50189,14556,65884,51202,False,0.2005044136191677,5,3
sample,archeology-easy-3,False,DataflowSystemGPT52DeltaStats5kD2,DataflowSystemGPT52DeltaStats3kD2,3.1333,0.015217,0.013425,0.0017920000000000002,0.13348230912476725,4,4,25273,24145,1128,25692,24505,False,0.38510301109350237,2,1
sample,archeology-easy-6,False,DataflowSystemGPT52DeltaStats5kD2,DataflowSystemGPT52DeltaStats3kD2,São Paulo,0.012333,0.011887,0.0004460000000000002,0.037519979809876355,4,4,24985,24076,909,25234,24306,False,0.6905132192846034,2,1
sample,astronomy-easy-2,False,DataflowSystemGPT52DeltaStats5kD2,DataflowSystemGPT52DeltaStats3kD2,7.52,0.020156,0.01711,0.003046,0.17802454704850965,4,4,30852,27513,3339,31344,27960,False,0.7841658812441094,3,2
sample,biomedical-hard-1,False,DataflowSystemGPT52DeltaStats5kD2,DataflowSystemGPT52DeltaStats3kD2,0.4765,0.060845,0.075853,-0.015008,-0.19785638010362147,5,9,63087,127295,-64208,64472,128926,False,0.6658494729100269,10,7
sample,environment-easy-1,False,DataflowSystemGPT52DeltaStats5kD2,DataflowSystemGPT52DeltaStats3kD2,4.796,0.012574,0.018956,-0.0063820000000000005,-0.33667440388267567,4,4,24633,23584,1049,24900,23862,True,1.0,2,1
sample,environment-easy-4,False,DataflowSystemGPT52DeltaStats5kD2,DataflowSystemGPT52DeltaStats3kD2,86,0.051913,0.053597,-0.001683999999999998,-0.03141966901132522,7,8,90988,90235,753,92193,91640,False,0.16775290450552566,9,8
sample,environment-easy-6,False,DataflowSystemGPT52DeltaStats5kD2,DataflowSystemGPT52DeltaStats3kD2,5.14,0.019493,0.019415,7.799999999999821e-05,0.004017512232809591,5,5,33678,34086,-408,34187,34596,False,0.36788874841972186,3,2
sample,environment-hard-19,False,DataflowSystemGPT52DeltaStats5kD2,DataflowSystemGPT52DeltaStats3kD2,False,0.043639,0.053615,-0.009976000000000006,-0.18606733190338534,4,4,41866,37610,4256,43177,38884,False,0.17251585623678647,6,5
sample,environment-hard-20,True,DataflowSystemGPT52DeltaStats5kD2,DataflowSystemGPT52DeltaStats3kD2,"['Bucks Creek', 'Pleasant Street', 'Forest Street']",0.05162,0.041027,0.010592999999999998,0.2581958222633875,6,4,79801,41748,38053,81073,42988,False,0.15863066538090645,8,7
sample,environment-hard-7,False,DataflowSystemGPT52DeltaStats5kD2,DataflowSystemGPT52DeltaStats3kD2,10.87,0.031516,0.029145,0.0023710000000000016,0.08135186138274152,6,6,52865,45851,7014,53620,46723,False,0.4518488419341731,5,4
sample,legal-easy-10,False,DataflowSystemGPT52DeltaStats5kD2,DataflowSystemGPT52DeltaStats3kD2,"[2010, 2011, 2012, 2013, 2014, 2019]",0.020605,0.019598,0.0010069999999999975,0.051382794162669526,5,5,33384,31637,1747,34038,32279,False,0.3198818897637795,3,2
sample,legal-easy-11,False,DataflowSystemGPT52DeltaStats5kD2,DataflowSystemGPT52DeltaStats3kD2,No,0.019528,0.017931,0.0015970000000000012,0.08906363281467856,5,5,32935,31627,1308,33453,32180,False,0.5287107258938245,3,2
sample,legal-easy-12,False,DataflowSystemGPT52DeltaStats5kD2,DataflowSystemGPT52DeltaStats3kD2,3,0.02239,0.022432,-4.200000000000037e-05,-0.001872325249643383,6,6,38956,37882,1074,39617,38565,False,0.6015915119363395,3,2
sample,legal-easy-13,False,DataflowSystemGPT52DeltaStats5kD2,DataflowSystemGPT52DeltaStats3kD2,1097.47,0.020968,0.020555,0.00041300000000000017,0.02009243493067381,6,6,38356,37602,754,38976,38186,False,0.6304477611940299,3,2
sample,legal-easy-19,False,DataflowSystemGPT52DeltaStats5kD2,DataflowSystemGPT52DeltaStats3kD2,0.523,0.019339,0.021359,-0.002020000000000001,-0.09457371599794002,4,5,24465,30735,-6270,25193,31414,False,0.14927113702623906,2,1
sample,legal-easy-20,False,DataflowSystemGPT52DeltaStats5kD2,DataflowSystemGPT52DeltaStats3kD2,40,0.018282,0.020187,-0.0019050000000000004,-0.09436766235696242,5,5,31991,31836,155,32538,32524,False,0.5343511450381679,3,2
sample,legal-easy-21,False,DataflowSystemGPT52DeltaStats5kD2,DataflowSystemGPT52DeltaStats3kD2,16589,0.017915,0.017077,0.0008380000000000019,0.04907185102769819,5,5,32687,30896,1791,33164,31393,False,0.7544483985765125,3,2
sample,legal-easy-26,False,DataflowSystemGPT52DeltaStats5kD2,DataflowSystemGPT52DeltaStats3kD2,"['Arizona', 'California', 'Massachusetts', 'Ohio', 'Oklahoma', 'Rhode Island']",0.019857,0.019974,-0.00011699999999999905,-0.005857614899369133,5,5,33006,31660,1346,33625,32326,False,0.13021868787276342,3,2
sample,legal-easy-27,False,DataflowSystemGPT52DeltaStats5kD2,DataflowSystemGPT52DeltaStats3kD2,27,0.017591,0.015181,0.002409999999999999,0.1587510704169685,5,5,32844,30835,2009,33307,31233,False,0.5736079328756675,3,2
sample,legal-easy-3,False,DataflowSystemGPT52DeltaStats5kD2,DataflowSystemGPT52DeltaStats3kD2,13.1628,0.016618,0.01764,-0.0010219999999999986,-0.05793650793650786,5,5,31741,31440,301,32186,31938,False,0.37052341597796146,3,2
sample,legal-easy-4,False,DataflowSystemGPT52DeltaStats5kD2,DataflowSystemGPT52DeltaStats3kD2,2111635,0.016212,0.015209,0.0010030000000000004,0.0659477940693011,4,4,24573,23521,1052,25093,24000,False,0.1901840490797546,2,1
sample,legal-easy-5,False,DataflowSystemGPT52DeltaStats5kD2,DataflowSystemGPT52DeltaStats3kD2,5435,0.018756,0.017796,0.000959999999999999,0.0539447066756574,5,5,30481,29779,702,31121,30395,False,0.1385737439222042,3,2
sample,legal-easy-9,False,DataflowSystemGPT52DeltaStats5kD2,DataflowSystemGPT52DeltaStats3kD2,2002,0.018878,0.017593,0.001284999999999998,0.07304041380094344,5,5,30632,29975,657,31233,30552,False,0.38526119402985076,3,2
sample,legal-hard-6,False,DataflowSystemGPT52DeltaStats5kD2,DataflowSystemGPT52DeltaStats3kD2,1.1413,0.017704,0.019619,-0.001915,-0.09760946021713644,5,5,30571,30774,-203,31139,31439,False,0.5451807228915663,3,2
sample,legal-hard-7,False,DataflowSystemGPT52DeltaStats5kD2,DataflowSystemGPT52DeltaStats3kD2,Bank Account,0.021006,0.019452,0.0015539999999999998,0.0798889574336829,5,5,31173,31026,147,31916,31662,False,0.452846975088968,3,2
sample,wildfire-easy-13,False,DataflowSystemGPT52DeltaStats5kD2,DataflowSystemGPT52DeltaStats3kD2,Great Basin Area,0.010982,0.011393,-0.0004109999999999999,-0.036074782761344674,4,4,21970,21675,295,22269,21997,False,0.8702147525676938,2,1
sample,wildfire-easy-15,True,DataflowSystemGPT52DeltaStats5kD2,DataflowSystemGPT52DeltaStats3kD2,No,0.026123,0.020967,0.005156000000000001,0.24591023990079652,5,5,38476,36855,1621,38974,37317,False,0.42497482376636453,3,1
sample,wildfire-easy-8,False,DataflowSystemGPT52DeltaStats5kD2,DataflowSystemGPT52DeltaStats3kD2,Lightning,0.014691,0.014443,0.00024799999999999996,0.01717094786401717,4,4,27625,26957,668,27914,27211,False,0.4307692307692308,2,1
sample,wildfire-hard-11,False,DataflowSystemGPT52DeltaStats5kD2,DataflowSystemGPT52DeltaStats3kD2,Wyoming,0.015827,0.011643,0.004184,0.35935755389504426,4,4,25380,23029,2351,25714,23286,False,0.07661822985468957,2,1
sample,wildfire-hard-20,False,DataflowSystemGPT52DeltaStats5kD2,DataflowSystemGPT52DeltaStats3kD2,0.0465,0.043091,0.041151,0.0019399999999999973,0.04714344730383216,7,7,68457,64745,3712,69357,65884,False,0.12085635359116022,5,3
sample,archeology-easy-10,True,DataflowSystemGPT52DeltaStats7kD2,DataflowSystemGPT52DeltaStats3kD2,Singapore,0.023192,0.012538,0.010654,0.849736800127612,4,4,28430,24718,3712,28664,24943,False,0.404227212681638,2,1
sample,archeology-easy-3,False,DataflowSystemGPT52DeltaStats7kD2,DataflowSystemGPT52DeltaStats3kD2,3.1333,0.015185,0.013425,0.0017600000000000011,0.13109869646182504,4,4,26298,24145,2153,26673,24505,False,0.773978315262719,2,1
sample,archeology-easy-4,False,DataflowSystemGPT52DeltaStats7kD2,DataflowSystemGPT52DeltaStats3kD2,207878.8774,0.045636,0.048024,-0.0023879999999999943,-0.04972513743128424,7,7,81337,69884,11453,82076,71318,False,0.08919485184076624,5,3
sample,archeology-easy-6,True,DataflowSystemGPT52DeltaStats7kD2,DataflowSystemGPT52DeltaStats3kD2,São Paulo,0.018908,0.011887,0.007021000000000001,0.5906452427021116,4,4,26240,24076,2164,26485,24306,False,0.3244929797191888,2,1
sample,astronomy-easy-2,True,DataflowSystemGPT52DeltaStats7kD2,DataflowSystemGPT52DeltaStats3kD2,7.52,0.022313,0.01711,0.005202999999999999,0.3040911747516072,4,4,33872,27513,6359,34371,27960,False,0.5960854092526691,3,2
sample,astronomy-easy-5,False,DataflowSystemGPT52DeltaStats7kD2,DataflowSystemGPT52DeltaStats3kD2,2,0.037991,0.043443,-0.0054520000000000055,-0.12549777869852463,5,6,49058,48338,720,50233,50050,False,0.18217391304347827,3,2
sample,biomedical-hard-1,False,DataflowSystemGPT52DeltaStats7kD2,DataflowSystemGPT52DeltaStats3kD2,0.4765,0.066049,0.075853,-0.009804000000000007,-0.12924999670415155,7,9,104744,127295,-22551,106276,128926,False,0.3221476510067114,10,7
sample,environment-easy-1,False,DataflowSystemGPT52DeltaStats7kD2,DataflowSystemGPT52DeltaStats3kD2,4.796,0.012791,0.018956,-0.006165,-0.32522684110571853,4,4,25413,23584,1829,25670,23862,False,0.9447077409162717,2,1
sample,environment-easy-5,True,DataflowSystemGPT52DeltaStats7kD2,DataflowSystemGPT52DeltaStats3kD2,Ashburnham,0.038345,0.027662,0.010682999999999998,0.3861976718964644,4,4,48345,36682,11663,49188,37399,False,0.12930667800935772,5,4
sample,environment-hard-15,True,DataflowSystemGPT52DeltaStats7kD2,DataflowSystemGPT52DeltaStats3kD2,Damon Pond Beach (DCR),0.048727,0.041025,0.0077020000000000005,0.18773918342474102,4,7,49521,69862,-20341,50469,70986,False,0.2745608327911516,8,8
sample,legal-easy-10,False,DataflowSystemGPT52DeltaStats7kD2,DataflowSystemGPT52DeltaStats3kD2,"[2010, 2011, 2012, 2013, 2014, 2019]",0.020758,0.019598,0.0011599999999999978,0.05918971323604438,5,5,32412,31637,775,33112,32279,False,0.20606060606060606,3,2
sample,legal-easy-11,False,DataflowSystemGPT52DeltaStats7kD2,DataflowSystemGPT52DeltaStats3kD2,No,0.018527,0.017931,0.0005959999999999993,0.03323852545870277,5,5,32142,31627,515,32702,32180,False,0.5450798557444616,3,2
sample,legal-easy-12,False,DataflowSystemGPT52DeltaStats7kD2,DataflowSystemGPT52DeltaStats3kD2,3,0.022591,0.022432,0.00015899999999999942,0.0070880884450784335,6,6,38831,37882,949,39522,38565,False,0.48321513002364064,3,2
sample,legal-easy-13,False,DataflowSystemGPT52DeltaStats7kD2,DataflowSystemGPT52DeltaStats3kD2,1097.47,0.019905,0.020555,-0.0006500000000000013,-0.031622476283142846,6,6,37848,37602,246,38398,38186,False,0.762589928057554,3,2
sample,legal-easy-20,False,DataflowSystemGPT52DeltaStats7kD2,DataflowSystemGPT52DeltaStats3kD2,40,0.020343,0.020187,0.0001559999999999999,0.007727745578837861,5,5,32044,31836,208,32602,32524,False,0.5302370585389453,3,2
sample,legal-easy-21,False,DataflowSystemGPT52DeltaStats7kD2,DataflowSystemGPT52DeltaStats3kD2,16589,0.02106,0.017077,0.003983,0.23323768811852202,5,5,34730,30896,3834,35349,31393,False,0.2205071664829107,3,2
sample,legal-easy-26,False,DataflowSystemGPT52DeltaStats7kD2,DataflowSystemGPT52DeltaStats3kD2,"['Arizona', 'California', 'Massachusetts', 'Ohio', 'Oklahoma', 'Rhode Island']",0.022164,0.019974,0.002190000000000001,0.1096425352958847,5,5,35155,31660,3495,35843,32326,False,0.12090447623442548,3,2
sample,legal-easy-27,False,DataflowSystemGPT52DeltaStats7kD2,DataflowSystemGPT52DeltaStats3kD2,27,0.018048,0.015181,0.0028670000000000015,0.1888544891640868,5,5,34521,30835,3686,34951,31233,False,0.22291504286827749,3,2
sample,legal-easy-3,False,DataflowSystemGPT52DeltaStats7kD2,DataflowSystemGPT52DeltaStats3kD2,13.1628,0.019384,0.01764,0.001743999999999999,0.09886621315192738,5,5,32200,31440,760,32814,31938,False,0.26481195260175167,3,2
sample,legal-easy-4,False,DataflowSystemGPT52DeltaStats7kD2,DataflowSystemGPT52DeltaStats3kD2,2111635,0.015261,0.015209,5.199999999999996e-05,0.003419028206982705,4,4,25314,23521,1793,25731,24000,False,0.4920424403183024,2,1
sample,legal-easy-5,False,DataflowSystemGPT52DeltaStats7kD2,DataflowSystemGPT52DeltaStats3kD2,5435,0.01771,0.017796,-8.599999999999927e-05,-0.0048325466396942724,5,5,29813,29779,34,30433,30395,False,0.18037135278514588,3,2
sample,legal-easy-9,False,DataflowSystemGPT52DeltaStats7kD2,DataflowSystemGPT52DeltaStats3kD2,2002,0.018377,0.017593,0.000784,0.04456317853691809,5,5,30434,29975,459,31024,30552,False,0.3247863247863248,3,2
sample,legal-hard-22,True,DataflowSystemGPT52DeltaStats7kD2,DataflowSystemGPT52DeltaStats3kD2,0.0555,0.053563,0.041881,0.011681999999999998,0.27893316778491434,7,7,54670,48319,6351,55795,49245,False,0.2323203635330872,5,4
sample,legal-hard-23,False,DataflowSystemGPT52DeltaStats7kD2,DataflowSystemGPT52DeltaStats3kD2,District of Columbia,0.042727,0.067867,-0.025139999999999996,-0.3704304006365391,7,7,59686,53325,6361,60994,54819,False,0.21897491821155943,5,4
sample,legal-hard-24,True,DataflowSystemGPT52DeltaStats7kD2,DataflowSystemGPT52DeltaStats3kD2,"Los Angeles-Long Beach-Anaheim, CA Metropolitan Statistical Area",0.057756,0.050946,0.0068100000000000036,0.1336709457072195,5,6,47154,49400,-2246,49086,51472,False,0.21167598491743597,6,5
sample,legal-hard-6,True,DataflowSystemGPT52DeltaStats7kD2,DataflowSystemGPT52DeltaStats3kD2,1.1413,0.057143,0.019619,0.037524,1.9126357102808502,9,5,63906,30774,33132,66105,31439,False,0.1764032073310424,3,2
sample,legal-hard-7,False,DataflowSystemGPT52DeltaStats7kD2,DataflowSystemGPT52DeltaStats3kD2,Bank Account,0.018745,0.019452,-0.0007069999999999993,-0.03634587703063948,5,5,30806,31026,-220,31419,31662,False,0.5644114921223355,3,2
sample,wildfire-easy-13,False,DataflowSystemGPT52DeltaStats7kD2,DataflowSystemGPT52DeltaStats3kD2,Great Basin Area,0.012123,0.011393,0.0007299999999999997,0.0640744316685684,4,4,21644,21675,-31,21950,21997,False,0.9111531190926276,2,1
sample,wildfire-easy-8,False,DataflowSystemGPT52DeltaStats7kD2,DataflowSystemGPT52DeltaStats3kD2,Lightning,0.014373,0.014443,-6.999999999999888e-05,-0.00484663851000477,4,4,28786,26957,1829,29008,27211,False,0.42415316642120765,2,1
sample,wildfire-hard-11,False,DataflowSystemGPT52DeltaStats7kD2,DataflowSystemGPT52DeltaStats3kD2,Wyoming,0.012796,0.011643,0.0011529999999999995,0.09902945976122987,4,4,23832,23029,803,24143,23286,False,0.07934336525307797,2,1
sample,wildfire-hard-20,True,DataflowSystemGPT52DeltaStats7kD2,DataflowSystemGPT52DeltaStats3kD2,0.0465,0.04951,0.041151,0.008358999999999998,0.2031299360890379,7,7,74861,64745,10116,75923,65884,False,0.1211107393777183,5,3
sample,wildfire-hard-7,True,DataflowSystemGPT52DeltaStats7kD2,DataflowSystemGPT52DeltaStats3kD2,"Northwest, 2020",0.071978,0.064528,0.007449999999999998,0.11545375650880235,8,8,73404,65051,8353,75389,67332,False,0.1020026702269693,6,3
sample,archeology-easy-10,False,DataflowSystemGPT52Delta5kSchemaOnly,DataflowSystemGPT52Delta3kSchemaOnly,Singapore,0.013021,0.009512,0.003509,0.36890243902439024,4,4,23314,22648,666,23533,22858,False,0.6869300911854104,2,1
sample,archeology-easy-3,False,DataflowSystemGPT52Delta5kSchemaOnly,DataflowSystemGPT52Delta3kSchemaOnly,3.1333,0.013982,0.013991,-9.000000000000327e-06,-0.0006432706740047407,4,4,21865,23217,-1352,22233,23647,False,0.46211552888222057,2,1
sample,archeology-easy-6,False,DataflowSystemGPT52Delta5kSchemaOnly,DataflowSystemGPT52Delta3kSchemaOnly,São Paulo,0.01139,0.012448,-0.001058,-0.08499357326478148,4,4,21734,24158,-2424,21962,24389,False,0.7188612099644128,2,1
sample,astronomy-easy-2,False,DataflowSystemGPT52Delta5kSchemaOnly,DataflowSystemGPT52Delta3kSchemaOnly,7.52,0.020389,0.01626,0.004129000000000001,0.25393603936039366,4,4,27635,26776,859,28085,27240,False,0.9819563152896487,3,2
sample,biomedical-easy-6,False,DataflowSystemGPT52Delta5kSchemaOnly,DataflowSystemGPT52Delta3kSchemaOnly,IA,0.016958,0.017919,-0.000961,-0.05363022490094313,5,5,29607,33001,-3394,30127,33511,False,0.3102189781021898,3,2
sample,biomedical-hard-5,False,DataflowSystemGPT52Delta5kSchemaOnly,DataflowSystemGPT52Delta3kSchemaOnly,2.6563,0.039438,0.06829,-0.028852000000000003,-0.4224923121979792,8,7,59349,62586,-3237,60565,64911,False,0.4085820895522388,7,4
sample,environment-easy-5,False,DataflowSystemGPT52Delta5kSchemaOnly,DataflowSystemGPT52Delta3kSchemaOnly,Ashburnham,0.029144,0.024816,0.0043279999999999985,0.17440361057382328,4,4,40228,33336,6892,40910,34052,False,0.600896860986547,5,4
sample,environment-hard-12,True,DataflowSystemGPT52Delta5kSchemaOnly,DataflowSystemGPT52Delta3kSchemaOnly,Wollaston Beach,0.183447,0.120722,0.062725,0.519582180547042,9,6,208438,97941,110497,214437,102731,False,0.2164227355551637,19,17
sample,environment-hard-15,True,DataflowSystemGPT52Delta5kSchemaOnly,DataflowSystemGPT52Delta3kSchemaOnly,Damon Pond Beach (DCR),0.034272,0.028473,0.005798999999999999,0.20366663154567483,5,5,47000,38744,8256,47893,39722,False,0.2946214457005824,6,5
sample,legal-easy-10,False,DataflowSystemGPT52Delta5kSchemaOnly,DataflowSystemGPT52Delta3kSchemaOnly,"[2010, 2011, 2012, 2013, 2014, 2019]",0.020387,0.02056,-0.00017299999999999954,-0.008414396887159512,5,5,28074,30758,-2684,28613,31521,False,0.3273453093812375,3,2
sample,legal-easy-11,False,DataflowSystemGPT52Delta5kSchemaOnly,DataflowSystemGPT52Delta3kSchemaOnly,No,0.016778,0.017062,-0.00028399999999999953,-0.016645176415426066,5,5,28072,30460,-2388,28555,30996,False,0.8475573866980577,3,2
sample,legal-easy-12,False,DataflowSystemGPT52Delta5kSchemaOnly,DataflowSystemGPT52Delta3kSchemaOnly,3,0.020681,0.021031,-0.0003499999999999996,-0.016642099757500813,6,6,34549,36805,-2256,35178,37465,False,0.44759493670886075,3,2
sample,legal-easy-13,False,DataflowSystemGPT52Delta5kSchemaOnly,DataflowSystemGPT52Delta3kSchemaOnly,1097.47,0.02101,0.020703,0.0003070000000000017,0.014828768777471947,6,6,34385,35995,-1610,34986,36632,False,0.2277580071174377,3,2
sample,legal-easy-20,False,DataflowSystemGPT52Delta5kSchemaOnly,DataflowSystemGPT52Delta3kSchemaOnly,40,0.016687,0.018049,-0.0013619999999999986,-0.07546124439027085,5,5,28156,29325,-1169,28694,29987,False,0.24059293044469784,3,2
sample,legal-easy-21,False,DataflowSystemGPT52Delta5kSchemaOnly,DataflowSystemGPT52Delta3kSchemaOnly,16589,0.016898,0.018419,-0.0015210000000000015,-0.08257777295184328,5,5,30645,30173,472,31175,30813,False,0.8107597923548844,3,2
sample,legal-easy-25,True,DataflowSystemGPT52Delta5kSchemaOnly,DataflowSystemGPT52Delta3kSchemaOnly,U.S. Space Force,0.027307,0.018506,0.008801,0.4755754890305846,6,5,36297,30450,5847,37368,31076,False,0.13225152129817444,3,2
sample,legal-easy-26,False,DataflowSystemGPT52Delta5kSchemaOnly,DataflowSystemGPT52Delta3kSchemaOnly,"['Arizona', 'California', 'Massachusetts', 'Ohio', 'Oklahoma', 'Rhode Island']",0.019172,0.018186,0.0009860000000000008,0.05421752996810737,5,5,29325,30141,-816,29952,30754,False,0.3515151515151515,3,2
sample,legal-easy-27,False,DataflowSystemGPT52Delta5kSchemaOnly,DataflowSystemGPT52Delta3kSchemaOnly,27,0.016703,0.015995,0.0007080000000000003,0.04426383244763991,5,5,28914,30001,-1087,29344,30475,False,0.18910045961917268,3,2
sample,legal-easy-3,False,DataflowSystemGPT52Delta5kSchemaOnly,DataflowSystemGPT52Delta3kSchemaOnly,13.1628,0.01718,0.018321,-0.0011409999999999997,-0.062278259920310004,5,5,28078,30615,-2537,28589,31236,False,0.3723997970573313,3,2
sample,legal-easy-9,False,DataflowSystemGPT52Delta5kSchemaOnly,DataflowSystemGPT52Delta3kSchemaOnly,2002,0.021577,0.020942,0.0006350000000000001,0.030321841275904888,5,5,28085,30610,-2525,28794,31318,False,0.09491235570756734,3,2
sample,legal-hard-14,False,DataflowSystemGPT52Delta5kSchemaOnly,DataflowSystemGPT52Delta3kSchemaOnly,"['Boston-Cambridge-Newton, MA-NH Metropolitan Statistical Area', 'Providence-Warwick, RI-MA Metropolitan Statistical Area', 'Hartford-West Hartford-East Hartford, CT Metropolitan Statistical Area', 'Bridgeport-Stamford-Danbury, CT Metropolitan Statistical Area', 'Worcester, MA Metropolitan Statistical Area']",0.026082,0.037059,-0.010977,-0.29620335141261234,5,6,30896,39386,-8490,31921,40825,False,0.22350674373795762,4,3
sample,legal-hard-17,False,DataflowSystemGPT52Delta5kSchemaOnly,DataflowSystemGPT52Delta3kSchemaOnly,32542,0.030247,0.027789,0.0024579999999999984,0.08845226528482487,7,6,45692,39673,6019,46677,40630,False,0.2701208981001727,5,4
sample,legal-hard-22,False,DataflowSystemGPT52Delta5kSchemaOnly,DataflowSystemGPT52Delta3kSchemaOnly,0.0555,0.026969,0.031675,-0.004706000000000002,-0.14857142857142863,7,7,44873,45745,-872,45683,46667,False,0.20640834575260805,5,4
sample,legal-hard-23,False,DataflowSystemGPT52Delta5kSchemaOnly,DataflowSystemGPT52Delta3kSchemaOnly,District of Columbia,0.039585,0.036893,0.002692,0.0729677716640013,5,5,35239,34898,341,36556,36267,False,0.24774477447744775,6,5
sample,legal-hard-24,True,DataflowSystemGPT52Delta5kSchemaOnly,DataflowSystemGPT52Delta3kSchemaOnly,"Los Angeles-Long Beach-Anaheim, CA Metropolitan Statistical Area",0.058856,0.041398,0.017458,0.42171119377747723,5,5,40267,36800,3467,42044,38469,False,0.31233062330623307,7,6
sample,legal-hard-28,False,DataflowSystemGPT52Delta5kSchemaOnly,DataflowSystemGPT52Delta3kSchemaOnly,Yes,0.037742,0.036883,0.0008589999999999987,0.023289862538296742,7,8,49141,57951,-8810,50547,59260,False,0.10283899146317252,6,6
sample,legal-hard-6,False,DataflowSystemGPT52Delta5kSchemaOnly,DataflowSystemGPT52Delta3kSchemaOnly,1.1413,0.01686,0.018981,-0.0021210000000000014,-0.11174332226963812,5,5,26495,29622,-3127,27037,30299,False,0.3940298507462687,3,2
sample,legal-hard-7,False,DataflowSystemGPT52Delta5kSchemaOnly,DataflowSystemGPT52Delta3kSchemaOnly,Bank Account,0.017713,0.028077,-0.010364000000000002,-0.3691277558143677,5,6,26912,37217,-10305,27578,38372,False,0.17032967032967034,3,2
sample,wildfire-easy-13,False,DataflowSystemGPT52Delta5kSchemaOnly,DataflowSystemGPT52Delta3kSchemaOnly,Great Basin Area,0.011197,0.010103,0.0010940000000000012,0.10828466792041981,4,4,19299,21405,-2106,19616,21683,False,0.4805194805194805,2,1
sample,wildfire-easy-8,False,DataflowSystemGPT52Delta5kSchemaOnly,DataflowSystemGPT52Delta3kSchemaOnly,Lightning,0.011502,0.010786,0.0007159999999999996,0.06638234748748374,4,4,21456,23056,-1600,21698,23306,False,0.8899521531100478,2,1
sample,wildfire-hard-10,False,DataflowSystemGPT52Delta5kSchemaOnly,DataflowSystemGPT52Delta3kSchemaOnly,Republican,0.021735,0.019897,0.0018379999999999994,0.09237573503543244,5,5,34791,35146,-355,35321,35702,False,0.4880174291938998,5,3
sample,wildfire-hard-11,True,DataflowSystemGPT52Delta5kSchemaOnly,DataflowSystemGPT52Delta3kSchemaOnly,Wyoming,0.020038,0.014827,0.005211,0.3514534295541917,4,4,22676,22439,237,22972,22810,False,0.29497907949790797,2,1
sample,wildfire-hard-12,False,DataflowSystemGPT52Delta5kSchemaOnly,DataflowSystemGPT52Delta3kSchemaOnly,No,0.013502,0.013421,8.099999999999948e-05,0.006035317785559904,4,4,21810,23706,-1896,22237,24063,False,0.24111675126903553,2,1
sample,wildfire-hard-20,False,DataflowSystemGPT52Delta5kSchemaOnly,DataflowSystemGPT52Delta3kSchemaOnly,0.0465,0.030418,0.031453,-0.0010350000000000012,-0.032906241058086705,7,7,50468,50189,279,51185,51202,False,0.15006252605252188,5,3
sample,archeology-easy-10,True,DataflowSystemGPT52Delta7kSchemaOnly,DataflowSystemGPT52Delta3kSchemaOnly,Singapore,0.015512,0.009512,0.006,0.6307821698906645,4,4,27563,22648,4915,27760,22858,False,0.8161290322580645,2,1
sample,archeology-easy-3,False,DataflowSystemGPT52Delta7kSchemaOnly,DataflowSystemGPT52Delta3kSchemaOnly,3.1333,0.013753,0.013991,-0.00023800000000000036,-0.017010935601458107,4,4,25219,23217,2002,25641,23647,False,0.48667601683029454,2,1
sample,archeology-easy-6,False,DataflowSystemGPT52Delta7kSchemaOnly,DataflowSystemGPT52Delta3kSchemaOnly,São Paulo,0.012092,0.012448,-0.0003560000000000004,-0.02859897172236507,4,4,25217,24158,1059,25463,24389,False,0.67430441898527,2,1
sample,astronomy-easy-2,True,DataflowSystemGPT52Delta7kSchemaOnly,DataflowSystemGPT52Delta3kSchemaOnly,7.52,0.022022,0.01626,0.005762,0.35436654366543663,4,4,33173,26776,6397,33681,27240,False,0.40809443507588533,3,2
sample,astronomy-easy-5,True,DataflowSystemGPT52Delta7kSchemaOnly,DataflowSystemGPT52Delta3kSchemaOnly,2,0.038511,0.026448,0.012062999999999997,0.45610254083484564,5,5,47784,36833,10951,49069,37718,False,0.052083333333333336,3,2
sample,astronomy-easy-6,False,DataflowSystemGPT52Delta7kSchemaOnly,DataflowSystemGPT52Delta3kSchemaOnly,"[0.0193, -0.0020]",0.03389,0.039602,-0.005711999999999995,-0.14423513963941204,4,4,36332,31724,4608,37408,32776,False,0.17312226338834624,5,4
sample,biomedical-easy-6,False,DataflowSystemGPT52Delta7kSchemaOnly,DataflowSystemGPT52Delta3kSchemaOnly,IA,0.018592,0.017919,0.000673,0.037557899436352474,5,5,34240,33001,1239,34744,33511,False,0.37435897435897436,3,2
sample,biomedical-hard-7,False,DataflowSystemGPT52Delta7kSchemaOnly,DataflowSystemGPT52Delta3kSchemaOnly,16,0.017685,0.016852,0.0008330000000000004,0.04943033467837648,6,6,34341,34249,92,34854,34714,False,0.6523143164693218,3,1
sample,environment-easy-5,True,DataflowSystemGPT52Delta7kSchemaOnly,DataflowSystemGPT52Delta3kSchemaOnly,Ashburnham,0.057041,0.024816,0.032225000000000004,1.2985573823339782,4,4,43990,33336,10654,44740,34052,False,0.5963213939980639,5,4
sample,environment-hard-18,True,DataflowSystemGPT52Delta7kSchemaOnly,DataflowSystemGPT52Delta3kSchemaOnly,True,0.091091,0.054811,0.03628000000000001,0.6619109302877161,4,4,69519,45495,24024,71814,47352,False,0.2245520902455209,13,12
sample,legal-easy-10,False,DataflowSystemGPT52Delta7kSchemaOnly,DataflowSystemGPT52Delta3kSchemaOnly,"[2010, 2011, 2012, 2013, 2014, 2019]",0.020497,0.02056,-6.299999999999709e-05,-0.0030642023346302088,5,5,31231,30758,473,31988,31521,False,0.415002038320424,3,2
sample,legal-easy-11,True,DataflowSystemGPT52Delta7kSchemaOnly,DataflowSystemGPT52Delta3kSchemaOnly,No,0.027504,0.017062,0.010442,0.6120032821474621,6,5,39838,30460,9378,40826,30996,False,0.1164534627260697,3,2
sample,legal-easy-12,False,DataflowSystemGPT52Delta7kSchemaOnly,DataflowSystemGPT52Delta3kSchemaOnly,3,0.022583,0.021031,0.0015519999999999978,0.07379582521040358,6,6,38066,36805,1261,38780,37465,False,0.2890801993656547,3,2
sample,legal-easy-13,False,DataflowSystemGPT52Delta7kSchemaOnly,DataflowSystemGPT52Delta3kSchemaOnly,1097.47,0.021367,0.020703,0.0006640000000000014,0.03207264647635615,6,6,37394,35995,1399,38062,36632,False,0.17328918322295805,3,2
sample,legal-easy-20,False,DataflowSystemGPT52Delta7kSchemaOnly,DataflowSystemGPT52Delta3kSchemaOnly,40,0.017106,0.018049,-0.0009429999999999994,-0.05224666186492324,5,5,30839,29325,1514,31374,29987,False,0.30089485458612975,3,2
sample,legal-easy-21,False,DataflowSystemGPT52Delta7kSchemaOnly,DataflowSystemGPT52Delta3kSchemaOnly,16589,0.018039,0.018419,-0.00038000000000000186,-0.020630870296976047,5,5,33217,30173,3044,33723,30813,False,0.8157099697885196,3,2
sample,legal-easy-26,False,DataflowSystemGPT52Delta7kSchemaOnly,DataflowSystemGPT52Delta3kSchemaOnly,"['Arizona', 'California', 'Massachusetts', 'Ohio', 'Oklahoma', 'Rhode Island']",0.019093,0.018186,0.0009069999999999981,0.04987352908830958,5,5,33560,30141,3419,34084,30754,False,0.2222222222222222,3,2
sample,legal-easy-27,False,DataflowSystemGPT52Delta7kSchemaOnly,DataflowSystemGPT52Delta3kSchemaOnly,27,0.017367,0.015995,0.0013720000000000017,0.08577680525164125,5,5,33607,30001,3606,34045,30475,False,0.16131147540983606,3,2
sample,legal-easy-3,False,DataflowSystemGPT52Delta7kSchemaOnly,DataflowSystemGPT52Delta3kSchemaOnly,13.1628,0.017976,0.018321,-0.00034500000000000156,-0.01883084984444089,5,5,30984,30615,369,31563,31236,False,0.36302681992337166,3,2
sample,legal-easy-9,False,DataflowSystemGPT52Delta7kSchemaOnly,DataflowSystemGPT52Delta3kSchemaOnly,2002,0.016817,0.020942,-0.004125,-0.19697259096552386,5,5,29608,30610,-1002,30161,31318,False,0.16621743036837378,3,2
sample,legal-hard-16,True,DataflowSystemGPT52Delta7kSchemaOnly,DataflowSystemGPT52Delta3kSchemaOnly,Delaware,0.034758,0.028617,0.006140999999999997,0.2145927246042561,6,6,48022,40668,7354,48966,41675,False,0.21981981981981982,4,2
sample,legal-hard-17,False,DataflowSystemGPT52Delta7kSchemaOnly,DataflowSystemGPT52Delta3kSchemaOnly,32542,0.029497,0.027789,0.0017079999999999977,0.06146316887977249,6,6,42849,39673,3176,43819,40630,False,0.267383271750084,5,4
sample,legal-hard-18,False,DataflowSystemGPT52Delta7kSchemaOnly,DataflowSystemGPT52Delta3kSchemaOnly,91000,0.038301,0.045869,-0.007567999999999998,-0.16499160653164444,5,9,35592,66342,-30750,37090,68036,False,0.20833333333333334,8,7
sample,legal-hard-22,True,DataflowSystemGPT52Delta7kSchemaOnly,DataflowSystemGPT52Delta3kSchemaOnly,0.0555,0.038093,0.031675,0.006418,0.202620363062352,7,7,54737,45745,8992,55627,46667,False,0.15331729116534892,5,4
sample,legal-hard-24,True,DataflowSystemGPT52Delta7kSchemaOnly,DataflowSystemGPT52Delta3kSchemaOnly,"Los Angeles-Long Beach-Anaheim, CA Metropolitan Statistical Area",0.066454,0.041398,0.025056000000000002,0.6052466302719939,8,5,79726,36800,42926,82067,38469,False,0.2694406548431105,7,6
sample,legal-hard-6,False,DataflowSystemGPT52Delta7kSchemaOnly,DataflowSystemGPT52Delta3kSchemaOnly,1.1413,0.017249,0.018981,-0.001732000000000001,-0.09124914388072287,5,5,29455,29622,-167,30058,30299,False,0.41799437675726336,3,2
sample,legal-hard-7,True,DataflowSystemGPT52Delta7kSchemaOnly,DataflowSystemGPT52Delta3kSchemaOnly,Bank Account,0.0334,0.028077,0.005322999999999998,0.18958578195676168,7,6,44332,37217,7115,45741,38372,False,0.14492753623188406,3,2
sample,wildfire-easy-13,False,DataflowSystemGPT52Delta7kSchemaOnly,DataflowSystemGPT52Delta3kSchemaOnly,Great Basin Area,0.009614,0.010103,-0.0004889999999999999,-0.048401464911412444,4,4,21385,21405,-20,21645,21683,False,0.6151761517615176,2,1
sample,wildfire-easy-3,True,DataflowSystemGPT52Delta7kSchemaOnly,DataflowSystemGPT52Delta3kSchemaOnly,"['California', 'Nevada']",0.087932,0.055989,0.031943,0.5705227812606047,8,7,80138,55813,24325,81456,57386,False,0.19528217378321888,6,5
sample,wildfire-easy-8,False,DataflowSystemGPT52Delta7kSchemaOnly,DataflowSystemGPT52Delta3kSchemaOnly,Lightning,0.011647,0.010786,0.0008609999999999989,0.07982569998145735,4,4,24817,23056,1761,25038,23306,False,0.7986348122866894,2,1
sample,wildfire-hard-10,False,DataflowSystemGPT52Delta7kSchemaOnly,DataflowSystemGPT52Delta3kSchemaOnly,Republican,0.022179,0.019897,0.0022819999999999993,0.11469065688294713,5,5,38933,35146,3787,39481,35702,False,0.7693463561232157,5,3
sample,wildfire-hard-11,False,DataflowSystemGPT52Delta7kSchemaOnly,DataflowSystemGPT52Delta3kSchemaOnly,Wyoming,0.011916,0.014827,-0.0029110000000000004,-0.1963310177379106,4,4,23246,22439,807,23553,22810,False,0.42962962962962964,2,1
sample,wildfire-hard-12,False,DataflowSystemGPT52Delta7kSchemaOnly,DataflowSystemGPT52Delta3kSchemaOnly,No,0.014719,0.013421,0.0012979999999999988,0.09671410476119505,4,4,25497,23706,1791,25838,24063,False,0.5878693623639192,2,1
sample,wildfire-hard-4,False,DataflowSystemGPT52Delta7kSchemaOnly,DataflowSystemGPT52Delta3kSchemaOnly,2065.1,0.055971,0.054221,0.0017500000000000016,0.03227531768134121,6,7,60254,54724,5530,61573,56710,False,0.28200044062568846,8,5
info,archeology-easy-3,False,DataflowSystemGPT52DeltaStats5kD2,DataflowSystemGPT52Delta5kSchemaOnly,3.1333,0.015217,0.013982,0.001235,0.08832785009297668,4,4,25273,21865,3408,25692,22233,False,0.7268518518518519,2,1
info,archeology-easy-6,False,DataflowSystemGPT52DeltaStats5kD2,DataflowSystemGPT52Delta5kSchemaOnly,São Paulo,0.012333,0.01139,0.0009429999999999994,0.08279192273924489,4,4,24985,21734,3251,25234,21962,False,0.75,2,1
info,astronomy-easy-2,False,DataflowSystemGPT52DeltaStats5kD2,DataflowSystemGPT52Delta5kSchemaOnly,7.52,0.020156,0.020389,-0.00023300000000000057,-0.011427730639070113,4,4,30852,27635,3217,31344,28085,False,0.46211412535079516,3,2
info,astronomy-easy-5,True,DataflowSystemGPT52DeltaStats5kD2,DataflowSystemGPT52Delta5kSchemaOnly,2,0.078289,0.04928,0.029009,0.5886566558441558,7,6,78815,52528,26287,81064,53730,False,0.15950649922890506,4,3
info,biomedical-easy-6,True,DataflowSystemGPT52DeltaStats5kD2,DataflowSystemGPT52Delta5kSchemaOnly,IA,0.023963,0.016958,0.007005000000000001,0.4130793725675198,5,5,41613,29607,12006,42155,30127,False,0.3129251700680272,3,2
info,biomedical-hard-1,False,DataflowSystemGPT52DeltaStats5kD2,DataflowSystemGPT52Delta5kSchemaOnly,0.4765,0.060845,0.063121,-0.0022759999999999933,-0.03605773039083654,5,8,63087,79495,-16408,64472,81670,False,0.35145075602778914,10,7
info,environment-easy-6,False,DataflowSystemGPT52DeltaStats5kD2,DataflowSystemGPT52Delta5kSchemaOnly,5.14,0.019493,0.028776,-0.009283,-0.32259521823742004,5,5,33678,34874,-1196,34187,35407,False,0.15219976218787157,3,2
info,environment-hard-19,False,DataflowSystemGPT52DeltaStats5kD2,DataflowSystemGPT52Delta5kSchemaOnly,False,0.043639,0.038985,0.004653999999999998,0.11937924842888287,4,4,41866,37847,4019,43177,39112,False,0.16784086199751347,6,5
info,environment-hard-20,True,DataflowSystemGPT52DeltaStats5kD2,DataflowSystemGPT52Delta5kSchemaOnly,"['Bucks Creek', 'Pleasant Street', 'Forest Street']",0.05162,0.041547,0.010072999999999999,0.2424483115507738,6,4,79801,44503,35298,81073,45695,False,0.33729953440248317,8,7
info,environment-hard-7,False,DataflowSystemGPT52DeltaStats5kD2,DataflowSystemGPT52Delta5kSchemaOnly,10.87,0.031516,0.037933,-0.006416999999999999,-0.16916668863522524,6,6,52865,47015,5850,53620,47822,False,0.43364327979712597,5,4
info,legal-easy-10,False,DataflowSystemGPT52DeltaStats5kD2,DataflowSystemGPT52Delta5kSchemaOnly,"[2010, 2011, 2012, 2013, 2014, 2019]",0.020605,0.020387,0.00021799999999999944,0.010693088733016111,5,5,33384,28074,5310,34038,28613,False,0.25013774104683195,3,2
info,legal-easy-11,False,DataflowSystemGPT52DeltaStats5kD2,DataflowSystemGPT52Delta5kSchemaOnly,No,0.019528,0.016778,0.002749999999999999,0.16390511383955172,5,5,32935,28072,4863,33453,28555,False,0.37777777777777777,3,2
info,legal-easy-12,False,DataflowSystemGPT52DeltaStats5kD2,DataflowSystemGPT52Delta5kSchemaOnly,3,0.02239,0.020681,0.0017089999999999987,0.08263623615879302,6,6,38956,34549,4407,39617,35178,False,0.6134636264929425,3,2
info,legal-easy-13,False,DataflowSystemGPT52DeltaStats5kD2,DataflowSystemGPT52Delta5kSchemaOnly,1097.47,0.020968,0.02101,-4.200000000000037e-05,-0.001999048072346519,6,6,38356,34385,3971,38976,34986,False,0.15960374243258119,3,2
info,legal-easy-19,False,DataflowSystemGPT52DeltaStats5kD2,DataflowSystemGPT52Delta5kSchemaOnly,0.523,0.019339,0.017271,0.002067999999999997,0.11973828961843534,4,4,24465,22837,1628,25193,23304,False,0.14208826695371368,2,1
info,legal-easy-20,False,DataflowSystemGPT52DeltaStats5kD2,DataflowSystemGPT52Delta5kSchemaOnly,40,0.018282,0.016687,0.0015949999999999992,0.09558338826631504,5,5,31991,28156,3835,32538,28694,False,0.3812316715542522,3,2
info,legal-easy-21,False,DataflowSystemGPT52DeltaStats5kD2,DataflowSystemGPT52Delta5kSchemaOnly,16589,0.017915,0.016898,0.0010170000000000005,0.060184637235175795,5,5,32687,30645,2042,33164,31175,False,0.5024875621890548,3,2
info,legal-easy-26,False,DataflowSystemGPT52DeltaStats5kD2,DataflowSystemGPT52Delta5kSchemaOnly,"['Arizona', 'California', 'Massachusetts', 'Ohio', 'Oklahoma', 'Rhode Island']",0.019857,0.019172,0.0006849999999999981,0.035729188399749534,5,5,33006,29325,3681,33625,29952,False,0.13389562467053243,3,2
info,legal-easy-27,False,DataflowSystemGPT52DeltaStats5kD2,DataflowSystemGPT52Delta5kSchemaOnly,27,0.017591,0.016703,0.0008879999999999999,0.053164102257079564,5,5,32844,28914,3930,33307,29344,False,0.1722900215362527,3,2
info,legal-easy-3,False,DataflowSystemGPT52DeltaStats5kD2,DataflowSystemGPT52Delta5kSchemaOnly,13.1628,0.016618,0.01718,-0.000562,-0.03271245634458673,5,5,31741,28078,3663,32186,28589,False,0.34805537244561635,3,2
info,legal-easy-4,False,DataflowSystemGPT52DeltaStats5kD2,DataflowSystemGPT52Delta5kSchemaOnly,2111635,0.016212,0.015463,0.0007490000000000014,0.04843820733363522,4,4,24573,21665,2908,25093,22135,False,0.3515439429928741,2,1
info,legal-easy-9,False,DataflowSystemGPT52DeltaStats5kD2,DataflowSystemGPT52Delta5kSchemaOnly,2002,0.018878,0.021577,-0.002699,-0.12508689808592482,5,5,30632,28085,2547,31233,28794,False,0.29045643153526973,3,2
info,legal-hard-14,False,DataflowSystemGPT52DeltaStats5kD2,DataflowSystemGPT52Delta5kSchemaOnly,"['Boston-Cambridge-Newton, MA-NH Metropolitan Statistical Area', 'Providence-Warwick, RI-MA Metropolitan Statistical Area', 'Hartford-West Hartford-East Hartford, CT Metropolitan Statistical Area', 'Bridgeport-Stamford-Danbury, CT Metropolitan Statistical Area', 'Worcester, MA Metropolitan Statistical Area']",0.030211,0.026082,0.004128999999999997,0.15830841193160022,4,5,27292,30896,-3604,28472,31921,False,0.17219787100814027,4,3
info,legal-hard-17,False,DataflowSystemGPT52DeltaStats5kD2,DataflowSystemGPT52Delta5kSchemaOnly,32542,0.032172,0.030247,0.0019249999999999996,0.06364267530664197,5,7,35808,45692,-9884,36870,46677,False,0.33414932680538556,5,4
info,legal-hard-23,False,DataflowSystemGPT52DeltaStats5kD2,DataflowSystemGPT52Delta5kSchemaOnly,District of Columbia,0.040921,0.039585,0.001335999999999997,0.03375015788808884,5,5,38156,35239,2917,39535,36556,False,0.20534904805077062,6,5
info,legal-hard-30,True,DataflowSystemGPT52DeltaStats5kD2,DataflowSystemGPT52Delta5kSchemaOnly,No,0.050681,0.03489,0.015791,0.45259386643737465,6,6,50068,44835,5233,51332,46014,False,0.20747396365121504,5,4
info,legal-hard-6,False,DataflowSystemGPT52DeltaStats5kD2,DataflowSystemGPT52Delta5kSchemaOnly,1.1413,0.017704,0.01686,0.000844000000000001,0.050059311981020226,5,5,30571,26495,4076,31139,27037,False,0.7021406727828746,3,2
info,legal-hard-7,False,DataflowSystemGPT52DeltaStats5kD2,DataflowSystemGPT52Delta5kSchemaOnly,Bank Account,0.021006,0.017713,0.003293000000000001,0.18590865466041895,5,5,31173,26912,4261,31916,27578,False,0.31666666666666665,3,2
info,wildfire-easy-1,False,DataflowSystemGPT52DeltaStats5kD2,DataflowSystemGPT52Delta5kSchemaOnly,7805421,0.023492,0.028506,-0.005014000000000001,-0.17589279449940368,6,6,38976,37923,1053,39670,38502,False,0.13573573573573575,3,1
info,wildfire-easy-13,False,DataflowSystemGPT52DeltaStats5kD2,DataflowSystemGPT52Delta5kSchemaOnly,Great Basin Area,0.010982,0.011197,-0.0002149999999999999,-0.019201571849602563,4,4,21970,19299,2671,22269,19616,False,0.8165569143932268,2,1
info,wildfire-easy-15,True,DataflowSystemGPT52DeltaStats5kD2,DataflowSystemGPT52Delta5kSchemaOnly,No,0.026123,0.018959,0.007164,0.377868031014294,5,5,38476,30194,8282,38974,30654,False,0.6005946481665014,3,1
info,wildfire-easy-3,True,DataflowSystemGPT52DeltaStats5kD2,DataflowSystemGPT52Delta5kSchemaOnly,"['California', 'Nevada']",0.054338,0.036363,0.017974999999999998,0.4943211506201358,7,7,70804,57201,13603,71782,58293,False,0.35658914728682173,5,4
info,wildfire-easy-8,False,DataflowSystemGPT52DeltaStats5kD2,DataflowSystemGPT52Delta5kSchemaOnly,Lightning,0.014691,0.011502,0.003188999999999999,0.27725612936880534,4,4,27625,21456,6169,27914,21698,False,0.24324324324324326,2,1
info,wildfire-hard-10,False,DataflowSystemGPT52DeltaStats5kD2,DataflowSystemGPT52Delta5kSchemaOnly,Republican,0.021968,0.021735,0.00023300000000000057,0.010720036806993355,5,5,39123,34791,4332,39661,35321,False,0.7663003663003664,5,3
info,wildfire-hard-11,False,DataflowSystemGPT52DeltaStats5kD2,DataflowSystemGPT52Delta5kSchemaOnly,Wyoming,0.015827,0.020038,-0.0042109999999999995,-0.21015071364407623,4,4,25380,22676,2704,25714,22972,False,0.06726457399103139,2,1
info,wildfire-hard-16,True,DataflowSystemGPT52DeltaStats5kD2,DataflowSystemGPT52Delta5kSchemaOnly,"[6.326, 0.787]",0.031383,0.024239,0.007144000000000001,0.2947316308428566,6,6,50114,39681,10433,50757,40297,False,0.3944037308461026,4,2
info,wildfire-hard-20,True,DataflowSystemGPT52DeltaStats5kD2,DataflowSystemGPT52Delta5kSchemaOnly,0.0465,0.043091,0.030418,0.012672999999999997,0.4166283121835754,7,7,68457,50468,17989,69357,51185,False,0.27979274611398963,5,3
sample,archeology-easy-3,False,DataflowSystemGPT52DeltaStats7kD2,DataflowSystemGPT52DeltaStats5kD2,3.1333,0.015185,0.015217,-3.199999999999904e-05,-0.002102911217716964,4,4,26298,25273,1025,26673,25692,False,0.5701006971340047,2,1
sample,archeology-easy-6,True,DataflowSystemGPT52DeltaStats7kD2,DataflowSystemGPT52DeltaStats5kD2,São Paulo,0.018908,0.012333,0.006575000000000001,0.5331225168247791,4,4,26240,24985,1255,26485,25234,False,0.6430769230769231,2,1
sample,astronomy-easy-2,False,DataflowSystemGPT52DeltaStats7kD2,DataflowSystemGPT52DeltaStats5kD2,7.52,0.022313,0.020156,0.002156999999999999,0.10701528080968442,4,4,33872,30852,3020,34371,31344,False,0.6306769494430163,3,2
sample,biomedical-hard-1,False,DataflowSystemGPT52DeltaStats7kD2,DataflowSystemGPT52DeltaStats5kD2,0.4765,0.066049,0.060845,0.005203999999999993,0.08552880269537337,7,5,104744,63087,41657,106276,64472,False,0.37398373983739835,10,7
sample,environment-easy-1,False,DataflowSystemGPT52DeltaStats7kD2,DataflowSystemGPT52DeltaStats5kD2,4.796,0.012791,0.012574,0.00021700000000000018,0.017257833624940367,4,4,25413,24633,780,25670,24900,False,0.9447077409162717,2,1
sample,environment-hard-13,True,DataflowSystemGPT52DeltaStats7kD2,DataflowSystemGPT52DeltaStats5kD2,11,0.105699,0.026432,0.079267,2.9989028450363198,9,5,82497,36107,46390,85250,37024,False,0.08583186360964139,3,2
sample,environment-hard-14,False,DataflowSystemGPT52DeltaStats7kD2,DataflowSystemGPT52DeltaStats5kD2,Marine,0.074584,0.076537,-0.0019529999999999964,-0.025517070175209332,5,4,92722,64233,28489,94552,66394,False,0.13239689181111775,12,11
sample,environment-hard-18,True,DataflowSystemGPT52DeltaStats7kD2,DataflowSystemGPT52DeltaStats5kD2,True,0.080701,0.068289,0.012411999999999992,0.1817569447495203,4,4,74638,64646,9992,76631,66483,False,0.23094755143436685,12,11
sample,legal-easy-10,False,DataflowSystemGPT52DeltaStats7kD2,DataflowSystemGPT52DeltaStats5kD2,"[2010, 2011, 2012, 2013, 2014, 2019]",0.020758,0.020605,0.00015300000000000036,0.007425382188789147,5,5,32412,33384,-972,33112,34038,False,0.1638655462184874,3,2
sample,legal-easy-11,False,DataflowSystemGPT52DeltaStats7kD2,DataflowSystemGPT52DeltaStats5kD2,No,0.018527,0.019528,-0.0010010000000000019,-0.0512597296190087,5,5,32142,32935,-793,32702,33453,False,0.4139365574622985,3,2
sample,legal-easy-12,False,DataflowSystemGPT52DeltaStats7kD2,DataflowSystemGPT52DeltaStats5kD2,3,0.022591,0.02239,0.0002009999999999998,0.008977221974095569,6,6,38831,38956,-125,39522,39617,False,0.2766798418972332,3,2
sample,legal-easy-13,False,DataflowSystemGPT52DeltaStats7kD2,DataflowSystemGPT52DeltaStats5kD2,1097.47,0.019905,0.020968,-0.0010630000000000014,-0.05069629912247241,6,6,37848,38356,-508,38398,38976,False,0.6875,3,2
sample,legal-easy-20,False,DataflowSystemGPT52DeltaStats7kD2,DataflowSystemGPT52DeltaStats5kD2,40,0.020343,0.018282,0.0020610000000000003,0.11273383656055139,5,5,32044,31991,53,32602,32538,False,0.6869009584664537,3,2
sample,legal-easy-21,False,DataflowSystemGPT52DeltaStats7kD2,DataflowSystemGPT52DeltaStats5kD2,16589,0.02106,0.017915,0.0031449999999999985,0.17555121406642468,5,5,34730,32687,2043,35349,33164,False,0.29655575014594276,3,2
sample,legal-easy-25,False,DataflowSystemGPT52DeltaStats7kD2,DataflowSystemGPT52DeltaStats5kD2,U.S. Space Force,0.018099,0.016431,0.0016679999999999993,0.10151542815409892,4,4,25035,24594,441,25632,25127,False,0.1702296120348377,2,1
sample,legal-easy-26,False,DataflowSystemGPT52DeltaStats7kD2,DataflowSystemGPT52DeltaStats5kD2,"['Arizona', 'California', 'Massachusetts', 'Ohio', 'Oklahoma', 'Rhode Island']",0.022164,0.019857,0.002307,0.11618069194742409,5,5,35155,33006,2149,35843,33625,False,0.5213969503197246,3,2
sample,legal-easy-27,False,DataflowSystemGPT52DeltaStats7kD2,DataflowSystemGPT52DeltaStats5kD2,27,0.018048,0.017591,0.00045700000000000254,0.025979193905974793,5,5,34521,32844,1677,34951,33307,False,0.5334302325581395,3,2
sample,legal-easy-3,False,DataflowSystemGPT52DeltaStats7kD2,DataflowSystemGPT52DeltaStats5kD2,13.1628,0.019384,0.016618,0.0027659999999999976,0.16644602238536513,5,5,32200,31741,459,32814,32186,False,0.1007357102433503,3,2
sample,legal-easy-4,False,DataflowSystemGPT52DeltaStats7kD2,DataflowSystemGPT52DeltaStats5kD2,2111635,0.015261,0.016212,-0.0009510000000000005,-0.05866025166543304,4,4,25314,24573,741,25731,25093,False,0.5697823303457106,2,1
sample,legal-easy-5,False,DataflowSystemGPT52DeltaStats7kD2,DataflowSystemGPT52DeltaStats5kD2,5435,0.01771,0.018756,-0.0010459999999999983,-0.05576882064406048,5,5,29813,30481,-668,30433,31121,False,0.09942950285248574,3,2
sample,legal-easy-9,False,DataflowSystemGPT52DeltaStats7kD2,DataflowSystemGPT52DeltaStats5kD2,2002,0.018377,0.018878,-0.000500999999999998,-0.026538828265706006,5,5,30434,30632,-198,31024,31233,False,0.5975903614457831,3,2
sample,legal-hard-14,True,DataflowSystemGPT52DeltaStats7kD2,DataflowSystemGPT52DeltaStats5kD2,"['Boston-Cambridge-Newton, MA-NH Metropolitan Statistical Area', 'Providence-Warwick, RI-MA Metropolitan Statistical Area', 'Hartford-West Hartford-East Hartford, CT Metropolitan Statistical Area', 'Bridgeport-Stamford-Danbury, CT Metropolitan Statistical Area', 'Worcester, MA Metropolitan Statistical Area']",0.044325,0.030211,0.014114000000000005,0.46718082817516815,5,4,37186,27292,9894,38339,28472,False,0.09607731665719159,4,3
sample,legal-hard-17,False,DataflowSystemGPT52DeltaStats7kD2,DataflowSystemGPT52DeltaStats5kD2,32542,0.031678,0.032172,-0.0004940000000000014,-0.015354967052095032,7,5,50092,35808,14284,51162,36870,False,0.19613111230521224,5,4
sample,legal-hard-18,True,DataflowSystemGPT52DeltaStats7kD2,DataflowSystemGPT52DeltaStats5kD2,91000,0.072463,0.049904,0.022559000000000003,0.4520479320294967,7,7,61020,57430,3590,63162,59403,False,0.171007371007371,8,7
sample,legal-hard-28,False,DataflowSystemGPT52DeltaStats7kD2,DataflowSystemGPT52DeltaStats5kD2,Yes,0.034975,0.03091,0.004064999999999999,0.13151083791653184,6,7,45040,52215,-7175,46113,53080,False,0.21069084088777743,5,4
sample,legal-hard-6,True,DataflowSystemGPT52DeltaStats7kD2,DataflowSystemGPT52DeltaStats5kD2,1.1413,0.057143,0.017704,0.039439,2.227688657930411,9,5,63906,30571,33335,66105,31139,False,0.1884498480243161,3,2
sample,legal-hard-7,False,DataflowSystemGPT52DeltaStats7kD2,DataflowSystemGPT52DeltaStats5kD2,Bank Account,0.018745,0.021006,-0.002260999999999999,-0.1076359135485099,5,5,30806,31173,-367,31419,31916,False,0.4087193460490463,3,2
sample,wildfire-easy-13,False,DataflowSystemGPT52DeltaStats7kD2,DataflowSystemGPT52DeltaStats5kD2,Great Basin Area,0.012123,0.010982,0.0011409999999999997,0.10389728646876704,4,4,21644,21970,-326,21950,22269,False,0.8500496524329693,2,1
sample,wildfire-easy-2,True,DataflowSystemGPT52DeltaStats7kD2,DataflowSystemGPT52DeltaStats5kD2,EACC,0.044964,0.033938,0.011025999999999994,0.32488655784076825,7,6,78121,58315,19806,79142,59109,False,0.5647469458987784,5,4
sample,wildfire-easy-3,False,DataflowSystemGPT52DeltaStats7kD2,DataflowSystemGPT52DeltaStats5kD2,"['California', 'Nevada']",0.058989,0.054338,0.004651000000000002,0.08559387537266742,7,7,76236,70804,5432,77184,71782,False,0.26700993012136814,5,4
sample,wildfire-easy-8,False,DataflowSystemGPT52DeltaStats7kD2,DataflowSystemGPT52DeltaStats5kD2,Lightning,0.014373,0.014691,-0.00031799999999999884,-0.021645905656524324,4,4,28786,27625,1161,29008,27914,False,0.5299145299145299,2,1
sample,wildfire-hard-10,False,DataflowSystemGPT52DeltaStats7kD2,DataflowSystemGPT52DeltaStats5kD2,Republican,0.02276,0.021968,0.0007919999999999976,0.036052439912600036,5,5,40300,39123,1177,40805,39661,False,0.44253322908522286,5,3
sample,wildfire-hard-11,False,DataflowSystemGPT52DeltaStats7kD2,DataflowSystemGPT52DeltaStats5kD2,Wyoming,0.012796,0.015827,-0.0030310000000000007,-0.19150818222025656,4,4,23832,25380,-1548,24143,25714,False,0.4116222760290557,2,1
sample,wildfire-hard-16,False,DataflowSystemGPT52DeltaStats7kD2,DataflowSystemGPT52DeltaStats5kD2,"[6.326, 0.787]",0.034505,0.031383,0.0031219999999999998,0.09948061052161998,6,6,54186,50114,4072,54831,50757,False,0.4980026631158455,4,2
sample,wildfire-hard-20,True,DataflowSystemGPT52DeltaStats7kD2,DataflowSystemGPT52DeltaStats5kD2,0.0465,0.04951,0.043091,0.006419000000000001,0.14896382075143305,7,7,74861,68457,6404,75923,69357,False,0.25252903709254404,5,3
sample,wildfire-hard-6,False,DataflowSystemGPT52DeltaStats7kD2,DataflowSystemGPT52DeltaStats5kD2,0.519,0.050801,0.096728,-0.045926999999999996,-0.4748056405590935,6,10,51221,91739,-40518,52623,94712,False,0.34288747346072185,8,5
sample,archeology-easy-10,False,DataflowSystemGPT52Delta7kSchemaOnly,DataflowSystemGPT52Delta5kSchemaOnly,Singapore,0.015512,0.013021,0.002491,0.19130635127870366,4,4,27563,23314,4249,27760,23533,False,0.42857142857142855,2,1
sample,archeology-easy-3,False,DataflowSystemGPT52Delta7kSchemaOnly,DataflowSystemGPT52Delta5kSchemaOnly,3.1333,0.013753,0.013982,-0.00022900000000000004,-0.016378200543556005,4,4,25219,21865,3354,25641,22233,False,0.44327573253193087,2,1
sample,archeology-easy-6,False,DataflowSystemGPT52Delta7kSchemaOnly,DataflowSystemGPT52Delta5kSchemaOnly,São Paulo,0.012092,0.01139,0.0007019999999999995,0.06163301141352058,4,4,25217,21734,3483,25463,21962,False,0.8417618270799347,2,1
sample,astronomy-easy-2,False,DataflowSystemGPT52Delta7kSchemaOnly,DataflowSystemGPT52Delta5kSchemaOnly,7.52,0.022022,0.020389,0.001632999999999999,0.08009220658198044,4,4,33173,27635,5538,33681,28085,False,0.414738646101114,3,2
sample,biomedical-easy-6,False,DataflowSystemGPT52Delta7kSchemaOnly,DataflowSystemGPT52Delta5kSchemaOnly,IA,0.018592,0.016958,0.001634,0.0963557023233872,5,5,34240,29607,4633,34744,30127,False,0.34987593052109184,3,2
sample,biomedical-hard-1,False,DataflowSystemGPT52Delta7kSchemaOnly,DataflowSystemGPT52Delta5kSchemaOnly,0.4765,0.044874,0.063121,-0.018247,-0.2890797040604553,6,8,51751,79495,-27744,53369,81670,False,0.21116315378610462,10,7
sample,biomedical-hard-3,False,DataflowSystemGPT52Delta7kSchemaOnly,DataflowSystemGPT52Delta5kSchemaOnly,60,0.047337,0.046166,0.0011709999999999984,0.025364987220032026,8,8,70050,65832,4218,71587,67179,False,0.3426294820717131,5,4
sample,environment-easy-5,True,DataflowSystemGPT52Delta7kSchemaOnly,DataflowSystemGPT52Delta5kSchemaOnly,Ashburnham,0.057041,0.029144,0.027897,0.9572124622563821,4,4,43990,40228,3762,44740,40910,False,0.6964375313597592,5,4
sample,environment-easy-6,False,DataflowSystemGPT52Delta7kSchemaOnly,DataflowSystemGPT52Delta5kSchemaOnly,5.14,0.032923,0.028776,0.004147000000000001,0.14411314984709486,5,5,37661,34874,2787,38185,35407,False,0.225,3,2
sample,environment-hard-13,False,DataflowSystemGPT52Delta7kSchemaOnly,DataflowSystemGPT52Delta5kSchemaOnly,11,0.028297,0.088993,-0.060696,-0.6820311709909768,4,8,28802,73229,-44427,29671,75688,False,0.08336951801997394,4,3
sample,environment-hard-19,False,DataflowSystemGPT52Delta7kSchemaOnly,DataflowSystemGPT52Delta5kSchemaOnly,False,0.040401,0.038985,0.0014160000000000006,0.03632166217776069,4,4,41024,37847,3177,42209,39112,False,0.11810344827586207,6,5
sample,environment-hard-7,True,DataflowSystemGPT52Delta7kSchemaOnly,DataflowSystemGPT52Delta5kSchemaOnly,10.87,0.04564,0.037933,0.007706999999999999,0.20317401734637383,6,6,52317,47015,5302,53199,47822,False,0.581404174573055,5,4
sample,legal-easy-10,False,DataflowSystemGPT52Delta7kSchemaOnly,DataflowSystemGPT52Delta5kSchemaOnly,"[2010, 2011, 2012, 2013, 2014, 2019]",0.020497,0.020387,0.00011000000000000246,0.00539559523225597,5,5,31231,28074,3157,31988,28613,False,0.4815376833586242,3,2
sample,legal-easy-11,True,DataflowSystemGPT52Delta7kSchemaOnly,DataflowSystemGPT52Delta5kSchemaOnly,No,0.027504,0.016778,0.010726,0.6392895458338299,6,5,39838,28072,11766,40826,28555,False,0.15648148148148147,3,2
sample,legal-easy-12,False,DataflowSystemGPT52Delta7kSchemaOnly,DataflowSystemGPT52Delta5kSchemaOnly,3,0.022583,0.020681,0.0019019999999999974,0.09196847347807154,6,6,38066,34549,3517,38780,35178,False,0.36380772855796417,3,2
sample,legal-easy-13,False,DataflowSystemGPT52Delta7kSchemaOnly,DataflowSystemGPT52Delta5kSchemaOnly,1097.47,0.021367,0.02101,0.0003569999999999997,0.016991908614945248,6,6,37394,34385,3009,38062,34986,False,0.17961654894046417,3,2
sample,legal-easy-19,False,DataflowSystemGPT52Delta7kSchemaOnly,DataflowSystemGPT52Delta5kSchemaOnly,0.523,0.015694,0.017271,-0.001577000000000002,-0.09130913091309141,4,4,23725,22837,888,24242,23304,False,0.22157092614302462,2,1
sample,legal-easy-20,False,DataflowSystemGPT52Delta7kSchemaOnly,DataflowSystemGPT52Delta5kSchemaOnly,40,0.017106,0.016687,0.00041899999999999923,0.02510936657278116,5,5,30839,28156,2683,31374,28694,False,0.6630695443645084,3,2
sample,legal-easy-21,False,DataflowSystemGPT52Delta7kSchemaOnly,DataflowSystemGPT52Delta5kSchemaOnly,16589,0.018039,0.016898,0.0011409999999999997,0.06752278376139186,5,5,33217,30645,2572,33723,31175,False,0.7408656548622822,3,2
sample,legal-easy-26,False,DataflowSystemGPT52Delta7kSchemaOnly,DataflowSystemGPT52Delta5kSchemaOnly,"['Arizona', 'California', 'Massachusetts', 'Ohio', 'Oklahoma', 'Rhode Island']",0.019093,0.019172,-7.900000000000268e-05,-0.004120592530774185,5,5,33560,29325,4235,34084,29952,False,0.3357746478873239,3,2
sample,legal-easy-27,False,DataflowSystemGPT52Delta7kSchemaOnly,DataflowSystemGPT52Delta5kSchemaOnly,27,0.017367,0.016703,0.0006640000000000014,0.039753337723762286,5,5,33607,28914,4693,34045,29344,False,0.21242774566473988,3,2
sample,legal-easy-3,False,DataflowSystemGPT52Delta7kSchemaOnly,DataflowSystemGPT52Delta5kSchemaOnly,13.1628,0.017976,0.01718,0.0007959999999999981,0.046332945285215255,5,5,30984,28078,2906,31563,28589,False,0.47410571276027763,3,2
sample,legal-easy-4,False,DataflowSystemGPT52Delta7kSchemaOnly,DataflowSystemGPT52Delta5kSchemaOnly,2111635,0.01548,0.015463,1.700000000000139e-05,0.001099398564314906,4,4,24820,21665,3155,25300,22135,False,0.6966707768187423,2,1
sample,legal-easy-5,False,DataflowSystemGPT52Delta7kSchemaOnly,DataflowSystemGPT52Delta5kSchemaOnly,5435,0.015444,0.014218,0.0012259999999999997,0.08622872415248274,4,4,22489,20080,2409,23085,20544,False,0.08496420047732697,2,1
sample,legal-easy-9,False,DataflowSystemGPT52Delta7kSchemaOnly,DataflowSystemGPT52Delta5kSchemaOnly,2002,0.016817,0.021577,-0.00476,-0.2206052741344951,5,5,29608,28085,1523,30161,28794,False,0.15839598997493734,3,2
sample,legal-hard-17,False,DataflowSystemGPT52Delta7kSchemaOnly,DataflowSystemGPT52Delta5kSchemaOnly,32542,0.029497,0.030247,-0.0007500000000000007,-0.024795847522068325,6,7,42849,45692,-2843,43819,46677,False,0.7249829816201497,5,4
sample,legal-hard-22,True,DataflowSystemGPT52Delta7kSchemaOnly,DataflowSystemGPT52Delta5kSchemaOnly,0.0555,0.038093,0.026969,0.011124000000000002,0.4124735807779303,7,7,54737,44873,9864,55627,45683,False,0.14668218859138532,5,4
sample,legal-hard-24,True,DataflowSystemGPT52Delta7kSchemaOnly,DataflowSystemGPT52Delta5kSchemaOnly,"Los Angeles-Long Beach-Anaheim, CA Metropolitan Statistical Area",0.066454,0.058856,0.007598000000000001,0.12909473970368357,8,5,79726,40267,39459,82067,42044,False,0.2675300063171194,7,6
sample,legal-hard-29,True,DataflowSystemGPT52Delta7kSchemaOnly,DataflowSystemGPT52Delta5kSchemaOnly,"Washington-Arlington-Alexandria, DC-VA-MD-WV Metropolitan Statistical Area",0.044982,0.036335,0.008647000000000002,0.2379799091784781,8,6,78024,45302,32722,79260,46353,False,0.2744997434581837,6,5
sample,legal-hard-30,False,DataflowSystemGPT52Delta7kSchemaOnly,DataflowSystemGPT52Delta5kSchemaOnly,No,0.034708,0.03489,-0.00018199999999999467,-0.0052163943823443585,4,6,32857,44835,-11978,33965,46014,False,0.20695767781963217,5,4
sample,legal-hard-6,False,DataflowSystemGPT52Delta7kSchemaOnly,DataflowSystemGPT52Delta5kSchemaOnly,1.1413,0.017249,0.01686,0.00038900000000000046,0.02307236061684463,5,5,29455,26495,2960,30058,27037,False,0.4190919674039581,3,2
sample,legal-hard-7,True,DataflowSystemGPT52Delta7kSchemaOnly,DataflowSystemGPT52Delta5kSchemaOnly,Bank Account,0.0334,0.017713,0.015687,0.8856207305368938,7,5,44332,26912,17420,45741,27578,False,0.12028204064703442,3,2
sample,legal-hard-8,True,DataflowSystemGPT52Delta7kSchemaOnly,DataflowSystemGPT52Delta5kSchemaOnly,True,0.03551,0.023149,0.012361,0.5339755496997711,6,5,41837,29833,12004,43075,30551,False,0.22112802148612354,3,2
sample,wildfire-easy-1,False,DataflowSystemGPT52Delta7kSchemaOnly,DataflowSystemGPT52Delta5kSchemaOnly,7805421,0.028565,0.028506,5.9000000000000025e-05,0.002069739703921982,6,6,42734,37923,4811,43407,38502,False,0.224,3,1
sample,wildfire-easy-13,False,DataflowSystemGPT52Delta7kSchemaOnly,DataflowSystemGPT52Delta5kSchemaOnly,Great Basin Area,0.009614,0.011197,-0.001583000000000001,-0.1413771545949809,4,4,21385,19299,2086,21645,19616,False,0.6239130434782608,2,1
sample,wildfire-easy-15,False,DataflowSystemGPT52Delta7kSchemaOnly,DataflowSystemGPT52Delta5kSchemaOnly,No,0.021079,0.018959,0.0021200000000000004,0.11182024368373861,5,5,35455,30194,5261,35956,30654,False,0.5383848454636092,3,1
sample,wildfire-easy-8,False,DataflowSystemGPT52Delta7kSchemaOnly,DataflowSystemGPT52Delta5kSchemaOnly,Lightning,0.011647,0.011502,0.0001449999999999993,0.012606503216831794,4,4,24817,21456,3361,25038,21698,False,0.8021015761821366,2,1
sample,wildfire-hard-10,False,DataflowSystemGPT52Delta7kSchemaOnly,DataflowSystemGPT52Delta5kSchemaOnly,Republican,0.022179,0.021735,0.00044399999999999995,0.02042788129744651,5,5,38933,34791,4142,39481,35321,False,0.592375366568915,5,3
sample,wildfire-hard-11,False,DataflowSystemGPT52Delta7kSchemaOnly,DataflowSystemGPT52Delta5kSchemaOnly,Wyoming,0.011916,0.020038,-0.008122,-0.4053298732408424,4,4,23246,22676,570,23553,22972,False,0.06514657980456026,2,1
sample,wildfire-hard-12,False,DataflowSystemGPT52Delta7kSchemaOnly,DataflowSystemGPT52Delta5kSchemaOnly,No,0.014719,0.013502,0.0012169999999999993,0.09013479484520806,4,4,25497,21810,3687,25838,22237,False,0.3738562091503268,2,1
sample,wildfire-hard-16,True,DataflowSystemGPT52Delta7kSchemaOnly,DataflowSystemGPT52Delta5kSchemaOnly,"[6.326, 0.787]",0.043531,0.024239,0.019292,0.7959074219233466,6,6,47099,39681,7418,47777,40297,False,0.29731499672560574,4,2
info,archeology-easy-10,True,DataflowSystemGPT52DeltaStats7kD2,DataflowSystemGPT52Delta7kSchemaOnly,Singapore,0.023192,0.015512,0.007680000000000001,0.49510056730273344,4,4,28430,27563,867,28664,27760,False,0.5950653120464441,2,1
info,archeology-easy-3,False,DataflowSystemGPT52DeltaStats7kD2,DataflowSystemGPT52Delta7kSchemaOnly,3.1333,0.015185,0.013753,0.001432000000000001,0.10412273685741301,4,4,26298,25219,1079,26673,25641,False,0.3453996983408748,2,1
info,archeology-easy-6,True,DataflowSystemGPT52DeltaStats7kD2,DataflowSystemGPT52Delta7kSchemaOnly,São Paulo,0.018908,0.012092,0.006816000000000001,0.5636784651008933,4,4,26240,25217,1023,26485,25463,False,0.36946564885496186,2,1
info,astronomy-easy-2,False,DataflowSystemGPT52DeltaStats7kD2,DataflowSystemGPT52Delta7kSchemaOnly,7.52,0.022313,0.022022,0.0002909999999999996,0.013214058668604105,4,4,33872,33173,699,34371,33681,False,0.8885375494071146,3,2
info,astronomy-easy-5,False,DataflowSystemGPT52DeltaStats7kD2,DataflowSystemGPT52Delta7kSchemaOnly,2,0.037991,0.038511,-0.0005199999999999996,-0.013502635610604753,5,5,49058,47784,1274,50233,49069,False,0.3081161262979445,3,2
info,biomedical-hard-1,True,DataflowSystemGPT52DeltaStats7kD2,DataflowSystemGPT52Delta7kSchemaOnly,0.4765,0.066049,0.044874,0.021175,0.47187681062530645,7,6,104744,51751,52993,106276,53369,False,0.40662874103388574,10,7
info,environment-easy-5,False,DataflowSystemGPT52DeltaStats7kD2,DataflowSystemGPT52Delta7kSchemaOnly,Ashburnham,0.038345,0.057041,-0.018696000000000004,-0.32776423975736757,4,4,48345,43990,4355,49188,44740,False,0.10157917200170721,5,4
info,environment-hard-14,False,DataflowSystemGPT52DeltaStats7kD2,DataflowSystemGPT52Delta7kSchemaOnly,Marine,0.074584,0.111585,-0.037001000000000006,-0.33159474839808223,5,4,92722,63643,29079,94552,65818,False,0.18633357825128583,12,11
info,legal-easy-10,False,DataflowSystemGPT52DeltaStats7kD2,DataflowSystemGPT52Delta7kSchemaOnly,"[2010, 2011, 2012, 2013, 2014, 2019]",0.020758,0.020497,0.00026099999999999735,0.012733570766453498,5,5,32412,31231,1181,33112,31988,False,0.3021243115656963,3,2
info,legal-easy-11,False,DataflowSystemGPT52DeltaStats7kD2,DataflowSystemGPT52Delta7kSchemaOnly,No,0.018527,0.027504,-0.008977000000000002,-0.32638888888888895,5,6,32142,39838,-7696,32702,40826,False,0.19131900547829753,3,2
info,legal-easy-12,False,DataflowSystemGPT52DeltaStats7kD2,DataflowSystemGPT52Delta7kSchemaOnly,3,0.022591,0.022583,8.000000000001062e-06,0.00035424877119962194,6,6,38831,38066,765,39522,38780,False,0.13975694444444445,3,2
info,legal-easy-13,False,DataflowSystemGPT52DeltaStats7kD2,DataflowSystemGPT52Delta7kSchemaOnly,1097.47,0.019905,0.021367,-0.0014620000000000015,-0.06842326952777654,6,6,37848,37394,454,38398,38062,False,0.18586533110740122,3,2
info,legal-easy-20,False,DataflowSystemGPT52DeltaStats7kD2,DataflowSystemGPT52Delta7kSchemaOnly,40,0.020343,0.017106,0.0032370000000000003,0.1892318484742196,5,5,32044,30839,1205,32602,31374,False,0.5040738728951657,3,2
info,legal-easy-21,False,DataflowSystemGPT52DeltaStats7kD2,DataflowSystemGPT52Delta7kSchemaOnly,16589,0.02106,0.018039,0.0030209999999999994,0.1674704806253118,5,5,34730,33217,1513,35349,33723,False,0.5700636942675159,3,2
info,legal-easy-25,False,DataflowSystemGPT52DeltaStats7kD2,DataflowSystemGPT52Delta7kSchemaOnly,U.S. Space Force,0.018099,0.014805,0.003294,0.22249240121580546,4,4,25035,23855,1180,25632,24321,False,0.23030303030303031,2,1
info,legal-easy-26,False,DataflowSystemGPT52DeltaStats7kD2,DataflowSystemGPT52Delta7kSchemaOnly,"['Arizona', 'California', 'Massachusetts', 'Ohio', 'Oklahoma', 'Rhode Island']",0.022164,0.019093,0.003071000000000001,0.16084428848269006,5,5,35155,33560,1595,35843,34084,False,0.2909471480900052,3,2
info,legal-easy-27,False,DataflowSystemGPT52DeltaStats7kD2,DataflowSystemGPT52Delta7kSchemaOnly,27,0.018048,0.017367,0.000681000000000001,0.03921229918811545,5,5,34521,33607,914,34951,34045,False,0.36430138990490124,3,2
info,legal-easy-3,False,DataflowSystemGPT52DeltaStats7kD2,DataflowSystemGPT52Delta7kSchemaOnly,13.1628,0.019384,0.017976,0.0014079999999999995,0.07832665776591008,5,5,32200,30984,1216,32814,31563,False,0.2684879886952426,3,2
info,legal-easy-4,False,DataflowSystemGPT52DeltaStats7kD2,DataflowSystemGPT52Delta7kSchemaOnly,2111635,0.015261,0.01548,-0.00021900000000000044,-0.014147286821705454,4,4,25314,24820,494,25731,25300,False,0.4026666666666667,2,1
info,legal-easy-9,False,DataflowSystemGPT52DeltaStats7kD2,DataflowSystemGPT52Delta7kSchemaOnly,2002,0.018377,0.016817,0.0015600000000000024,0.09276327525718038,5,5,30434,29608,826,31024,30161,False,0.15675960021041557,3,2
info,legal-hard-16,False,DataflowSystemGPT52DeltaStats7kD2,DataflowSystemGPT52Delta7kSchemaOnly,Delaware,0.039548,0.034758,0.004790000000000003,0.13781000057540718,7,6,56015,48022,7993,57382,48966,False,0.1726175186231698,4,2
info,legal-hard-17,False,DataflowSystemGPT52DeltaStats7kD2,DataflowSystemGPT52Delta7kSchemaOnly,32542,0.031678,0.029497,0.002180999999999999,0.07393972268366271,7,6,50092,42849,7243,51162,43819,False,0.3160377358490566,5,4
info,legal-hard-18,True,DataflowSystemGPT52DeltaStats7kD2,DataflowSystemGPT52Delta7kSchemaOnly,91000,0.072463,0.038301,0.034162,0.8919349364246364,7,5,61020,35592,25428,63162,37090,False,0.19602933285637633,8,7
info,legal-hard-22,True,DataflowSystemGPT52DeltaStats7kD2,DataflowSystemGPT52Delta7kSchemaOnly,0.0555,0.053563,0.038093,0.015469999999999998,0.40611135904234363,7,7,54670,54737,-67,55795,55627,False,0.14831981460023175,5,4
info,legal-hard-23,False,DataflowSystemGPT52DeltaStats7kD2,DataflowSystemGPT52Delta7kSchemaOnly,District of Columbia,0.042727,0.037865,0.004861999999999998,0.12840353888815523,7,7,59686,56359,3327,60994,57534,False,0.27956989247311825,5,4
info,legal-hard-6,True,DataflowSystemGPT52DeltaStats7kD2,DataflowSystemGPT52Delta7kSchemaOnly,1.1413,0.057143,0.017249,0.039894,2.312829729259667,9,5,63906,29455,34451,66105,30058,False,0.1374685666387259,3,2
info,legal-hard-7,False,DataflowSystemGPT52DeltaStats7kD2,DataflowSystemGPT52Delta7kSchemaOnly,Bank Account,0.018745,0.0334,-0.014654999999999998,-0.4387724550898203,5,7,30806,44332,-13526,31419,45741,False,0.1937419631375911,3,2
info,wildfire-easy-13,False,DataflowSystemGPT52DeltaStats7kD2,DataflowSystemGPT52Delta7kSchemaOnly,Great Basin Area,0.012123,0.009614,0.002509000000000001,0.2609735801955483,4,4,21644,21385,259,21950,21645,False,0.5694444444444444,2,1
info,wildfire-easy-8,False,DataflowSystemGPT52DeltaStats7kD2,DataflowSystemGPT52Delta7kSchemaOnly,Lightning,0.014373,0.011647,0.002726000000000001,0.23405168712973307,4,4,28786,24817,3969,29008,25038,False,0.33771106941838647,2,1
info,wildfire-hard-10,False,DataflowSystemGPT52DeltaStats7kD2,DataflowSystemGPT52Delta7kSchemaOnly,Republican,0.02276,0.022179,0.0005809999999999982,0.026195951124937923,5,5,40300,38933,1367,40805,39481,False,0.5915492957746479,5,3
info,wildfire-hard-11,False,DataflowSystemGPT52DeltaStats7kD2,DataflowSystemGPT52Delta7kSchemaOnly,Wyoming,0.012796,0.011916,0.0008800000000000006,0.07385028533064791,4,4,23832,23246,586,24143,23553,False,0.8257309941520468,2,1
info,wildfire-hard-12,False,DataflowSystemGPT52DeltaStats7kD2,DataflowSystemGPT52Delta7kSchemaOnly,No,0.017882,0.014719,0.003162999999999999,0.2148923160540797,4,4,29820,25497,4323,30149,25838,False,0.3492647058823529,2,1
info,wildfire-hard-16,False,DataflowSystemGPT52DeltaStats7kD2,DataflowSystemGPT52Delta7kSchemaOnly,"[6.326, 0.787]",0.034505,0.043531,-0.009026,-0.20734648870919573,6,6,54186,47099,7087,54831,47777,False,0.3036649214659686,4,2
info,wildfire-hard-7,False,DataflowSystemGPT52DeltaStats7kD2,DataflowSystemGPT52Delta7kSchemaOnly,"Northwest, 2020",0.071978,0.080201,-0.008222999999999994,-0.10252989364222384,8,7,73404,62239,11165,75389,64263,False,0.049657129344998815,6,3
